####
#
#	OBJ File Generated by LightWave3D
#	LightWave3D OBJ Export v2.3
#
####
o bunnys.obj
mtllib bunnys.mtl
g default
v -74.7983 14.2005 19.4414
v -74.4086 12.1379 24.0009
v -73.9159 8.61409 22.5782
v -73.8566 18.4114 22.7018
v -73.7328 10.5809 12.5318
v -73.1395 11.7232 41.0764
v -73.0764 8.24523 34.3127
v -72.767 20.991 17.231
v -72.7395 20.9771 17.2351
v -72.5424 12.0619 29.2329
v -72.5361 22.4764 18.2011
v -72.4169 20.9629 11.7947
v -72.4066 15.9757 39.4543
v -72.3767 6.6892 39.9539
v -72.314 22.364 18.222
v -72.285 7.66314 8.76638
v -72.2816 13.924 8.0402
v -72.2341 4.34216 18.6276
v -72.2004 22.3528 17.2205
v -72.18 22.348 17.223
v -72.0294 3.74962 14.1965
v -71.7891 18.1551 32.1019
v -71.7821 31.9394 16.2492
v -71.6955 32.1306 20.132
v -71.5756 23.7578 18.2092
v -71.4998 37.7676 23.6212
v -71.4489 35.864 17.5478
v -71.3831 7.52078 27.854
v -71.2308 39.2991 14.4263
v -71.2275 33.5482 22.7472
v -71.0888 8.94881 44.5072
v -71.0024 25.0631 19.0901
v -70.9628 32.2465 26.6077
v -70.9231 28.3942 17.5198
v -70.9101 13.8509 44.5672
v -70.3243 23.4331 6.67779
v -70.2547 21.3325 39.9426
v -70.2361 41.1553 18.1107
v -70.0489 34.3334 13.6851
v -69.9161 3.04064 35.0856
v -69.9135 29.7853 23.8027
v -69.859 -12.2291 14.935
v -69.8434 -19.0128 13.1411
v -69.8063 23.9797 30.6079
v -69.7401 36.9194 10.6679
v -69.5821 31.2968 30.6168
v -69.4094 4.85419 5.63477
v -69.3379 26.8912 11.8826
v -69.3239 5.02087 27.9036
v -69.2998 31.2577 13.2782
v -69.2677 9.64022 2.59174
v -69.1873 32.1872 33.5071
v -69.1822 -15.9969 11.4461
v -69.1634 -15.1136 21.7725
v -69.118 -21.6802 17.6155
v -68.9595 -13.6856 7.93328
v -68.9085 -7.33312 16.7534
v -68.8282 27.3046 26.9931
v -68.7293 -23.1924 11.8546
v -68.5073 2.29825 40.6715
v -68.4176 -8.34145 8.83215
v -68.4024 23.9698 3.40694
v -68.3684 19.3166 2.64243
v -68.3366 -21.739 4.45883
v -68.2246 3.80517 44.0912
v -68.1159 17.7152 46.0739
v -68.0817 -19.6138 24.0747
v -68.0113 42.1776 12.9643
v -67.7754 -12.8401 4.26843
v -67.6909 30.4623 39.8958
v -67.6818 -23.9281 8.31113
v -67.5878 -24.6027 4.54918
v -67.3719 0.408256 17.6477
v -67.1891 16.851 -1.2065
v -67.1441 -17.0976 4.16569
v -67.0758 -24.8925 14.2832
v -67.0259 0.578295 8.96774
v -66.9276 42.9035 21.4416
v -66.5146 -1.29999 13.4812
v -66.5143 -29.7973 13.6408
v -66.5012 11.2737 -2.30515
v -66.3965 -2.30617 17.4528
v -66.3901 -4.77806 6.10278
v -66.3039 -25.9565 20.7155
v -66.3013 -12.3352 1.08278
v -66.266 21.4354 48.0551
v -66.143 39.1634 31.7326
v -65.9795 14.4443 48.6131
v -65.9738 -1.41688 10.1876
v -65.9647 -27.155 6.27895
v -65.9194 -17.6562 1.65703
v -65.7567 29.3807 2.61727
v -65.6425 33.2728 7.28532
v -65.5958 -31.1426 16.6378
v -65.4428 -14.5403 28.6384
v -65.4256 -30.7455 6.69276
v -65.3048 -7.66749 26.6475
v -65.295 8.91169 49.0936
v -65.1673 -18.5445 -3.42838
v -65.0532 4.55992 47.1484
v -65.0344 31.1987 42.5366
v -65.0192 -24.3995 26.1723
v -64.8621 1.24505 26.2381
v -64.7552 -0.0600232 4.50232
v -64.6963 -5.68316 0.646494
v -64.5513 -25.9502 -2.61958
v -64.5239 19.6498 50.6136
v -64.4606 40.2582 5.11271
v -64.2634 -20.9587 -4.5518
v -64.1923 -30.9243 21.2308
v -64.1472 1.22199 42.9164
v -64.1186 -28.9799 22.7108
v -63.9008 -9.9397 -3.80865
v -63.8933 -2.36458 24.8797
v -63.8796 -23.8264 29.2825
v -63.7337 -12.8191 -4.2633
v -63.4503 37.5375 3.72723
v -63.1513 17.3944 -4.5811
v -63.131 12.6143 49.3636
v -63.0033 -29.7973 28.4389
v -62.9409 0.810047 30.7753
v -62.8685 4.69183 -1.61542
v -62.8206 32.7721 1.90612
v -62.6606 -0.0765912 37.4507
v -62.3965 -34.2496 12.9067
v -62.142 -35.9537 6.95667
v -62.0951 1.10463 0.322891
v -61.9524 23.0937 -3.27288
v -61.9488 -2.14751 -1.95239
v -61.7571 -35.711 3.17185
v -61.7027 -32.8122 -0.984542
v -61.5732 -29.8 -3.60691
v -61.4181 -0.497 29.4864
v -61.3691 -25.1327 -6.65005
v -61.2974 -35.0113 19.0312
v -61.0903 35.2579 -0.700913
v -61.0279 1.8401 45.3679
v -61.0024 -13.9263 33.6531
v -60.871 -16.4659 -8.87333
v -60.8457 -2.77403 29.7571
v -60.5271 25.7591 -3.69882
v -60.4454 6.30979 48.4492
v -60.4209 10.4619 -4.96238
v -60.3847 -39.0417 15.5243
v -60.3574 16.4306 53.0662
v -60.3503 44.5251 25.5643
v -59.9583 27.6479 49.3587
v -59.8231 12.3317 50.6635
v -59.7747 41.4969 0.809054
v -59.5887 29.5929 -4.44064
v -59.5488 45.5548 17.0613
v -59.4376 17.3045 -6.02376
v -59.3455 -26.0355 -9.73232
v -59.2952 58.508 -38.9065
v -58.9921 20.5267 53.1439
v -58.978 61.2848 -43.3103
v -58.9456 55.235 -30.9393
v -58.9398 56.0412 -35.2174
v -58.9097 59.6328 -36.5493
v -58.6985 -36.661 -3.56637
v -58.6984 63.8556 -46.5651
v -58.6807 -32.1445 -6.78052
v -58.6153 37.1115 41.4619
v -58.5664 53.6722 -31.0219
v -58.4946 64.2417 -43.6128
v -58.454 51.6087 -26.4441
v -58.4289 -23.208 37.0902
v -58.4074 2.93408 46.9424
v -58.2928 39.4588 -2.36231
v -58.1967 66.91 -49.0048
v -58.1862 -33.6427 30.4752
v -58.0941 48.6518 -21.6522
v -57.9855 -2.33769 33.8568
v -57.7898 41.9228 34.6671
v -57.7866 -40.5846 7.87592
v -57.4356 45.5832 -16.862
v -57.3976 39.0936 -5.47659
v -57.3938 49.0529 -14.6444
v -57.3776 -0.15738 43.7147
v -57.3032 66.9165 -51.09
v -57.2749 -39.4543 22.7541
v -57.2583 14.5733 52.5053
v -57.1315 43.0947 -6.94386
v -57.0936 68.5336 -49.2029
v -57.0228 -16.2469 -12.9283
v -56.9878 43.6859 -9.96766
v -56.9306 -11.8691 36.7029
v -56.9177 3.64596 -4.6247
v -56.9054 9.09887 -6.99945
v -56.6954 -28.1288 36.7441
v -56.536 56.3365 -24.2187
v -56.5244 34.9885 -5.08338
v -56.5231 7.79046 52.3245
v -56.4396 18.0749 -7.73263
v -56.367 38.65 -10.1846
v -56.2779 44.5607 -1.51535
v -56.1618 39.8685 -15.9434
v -56.0532 -39.3839 26.986
v -56.043 41.1438 -16.9437
v -56.0389 53.2436 -16.9943
v -55.9572 1.66467 -5.91463
v -55.9543 -39.5893 0.138833
v -55.9333 4.31047 50.6133
v -55.9096 48.9452 -9.70906
v -55.7721 62.1309 -35.8734
v -55.6978 -42.6501 14.2242
v -55.6617 23.3161 52.0645
v -55.6501 40.9579 -8.54308
v -55.4117 41.7774 -12.9476
v -55.4052 -43.4614 8.27563
v -55.3726 -4.94707 36.0531
v -55.3474 16.0484 53.1091
v -55.3394 -10.8768 -12.5826
v -55.2748 69.4924 -52.9826
v -55.2377 44.7856 2.70742
v -55.0355 -1.78326 37.7593
v -54.9336 43.0521 -16.7495
v -54.868 37.1927 42.4321
v -54.8363 -36.98 31.9552
v -54.7669 45.762 -21.6901
v -54.7389 40.2832 -29.9399
v -54.7178 49.9056 -29.571
v -54.6739 -25.1654 -15.0876
v -54.6566 -0.0245816 -8.39114
v -54.5809 55.1029 -38.4833
v -54.5369 -38.2756 -6.77305
v -54.4784 44.0038 -20.5139
v -54.2757 -42.8742 1.86561
v -54.1041 28.402 -6.64722
v -53.9179 61.9851 -47.9368
v -53.7747 45.6425 26.134
v -53.7654 46.522 -26.8404
v -53.7248 -42.7927 21.4551
v -53.7239 70.0754 -50.2848
v -53.5583 2.39778 48.9246
v -53.5006 -27.4407 -15.2568
v -53.4665 40.1331 -36.6203
v -53.3947 47.5551 -3.60504
v -53.3839 -34.461 -10.9228
v -53.3347 0.8499 45.6136
v -53.1828 -7.47844 37.8379
v -53.1317 33.1424 -8.7265
v -53.1224 33.2612 45.7812
v -53.0665 52.7502 -38.8134
v -52.9978 68.7338 -54.9702
v -52.9032 -16.6303 41.444
v -52.783 31.7472 -7.51777
v -52.7711 38.1119 -30.0191
v -52.7572 -74.4421 1.12588
v -52.7286 45.0295 -33.2376
v -52.7002 -3.77544 37.3429
v -52.5983 18.9866 51.9463
v -52.5628 46.3067 21.1848
v -52.5518 63.743 -38.6166
v -52.5176 9.51184 53.66
v -52.5077 -71.5538 7.37006
v -52.3666 -74.9147 7.78051
v -52.3119 59.5243 -25.6829
v -52.2254 -74.9918 3.6182
v -52.1886 34.505 -15.5874
v -52.1305 37.2386 -24.4305
v -52.0191 -46.4653 18.0686
v -51.9289 42.4331 -43.5454
v -51.8772 40.3426 -42.1411
v -51.8468 5.54557 -7.65268
v -51.8233 34.0684 -14.6046
v -51.7316 38.6441 -35.9925
v -51.6823 47.8323 -2.96263
v -51.497 46.9871 -41.4828
v -51.4625 67.0808 -46.5089
v -51.4236 -71.2941 4.09901
v -51.3393 -75.6695 -0.0902209
v -51.3002 -71.5946 0.743411
v -51.2136 -36.427 36.1085
v -51.0067 42.9971 -46.7355
v -51.0043 44.4398 30.9653
v -50.9659 71.1742 -56.3896
v -50.8913 18.4398 -9.15246
v -50.867 -46.0555 3.18929
v -50.7582 -14.4968 -15.9042
v -50.7255 -75.9618 7.25567
v -50.6956 46.3316 13.6053
v -50.6699 60.9599 -51.6778
v -50.6661 12.4053 -8.7488
v -50.6271 -73.0413 -1.16561
v -50.6003 45.8065 2.97688
v -50.5374 28.5085 47.6084
v -50.4149 -13.9855 42.0515
v -50.3996 53.882 -48.2208
v -50.3108 -48.016 12.3434
v -50.154 -37.0607 -11.438
v -50.0308 -67.9802 1.75635
v -49.9975 -41.4086 -5.07324
v -49.8619 6.58036 52.4102
v -49.8168 39.6029 -41.2624
v -49.7809 44.3772 -50.0729
v -49.7341 49.6604 -49.4084
v -49.7316 49.3957 -6.58226
v -49.6374 13.5455 53.2551
v -49.6009 -25.1567 42.2184
v -49.5757 -74.6114 11.7611
v -49.5373 -75.1246 -4.90451
v -49.4446 57.2638 -22.2618
v -49.3543 71.3731 -54.5693
v -49.3303 36.7919 -26.5032
v -49.3128 -1.4769 37.3641
v -49.3032 62.3744 -38.3126
v -49.24 -66.9118 7.38889
v -49.2015 -7.75796 -14.5716
v -48.9912 34.4878 -17.9172
v -48.9228 -0.0788619 38.2807
v -48.9176 22.1771 48.2247
v -48.8663 -18.1903 42.32
v -48.7973 59.8072 -29.5336
v -48.619 -48.6933 7.30984
v -48.332 3.70931 48.9097
v -48.3009 47.5631 -54.1057
v -48.2531 -44.4939 26.7315
v -48.1653 31.4752 -8.88029
v -48.0791 69.4646 -59.1673
v -48.0762 40.6948 -42.951
v -48.0294 -76.6398 -2.80198
v -47.9266 71.1102 -58.1134
v -47.9007 -14.1606 -16.344
v -47.8279 41.2592 37.3911
v -47.6959 63.9445 -45.1999
v -47.6821 68.3643 -51.526
v -47.5895 36.2268 41.5769
v -47.5424 -49.6825 13.66
v -47.4902 42.6744 -47.8661
v -47.4618 23.7485 -8.5716
v -47.4538 -34.6362 -15.8037
v -47.4226 31.6977 43.8784
v -47.3473 58.0071 -56.2325
v -47.2805 30.0533 -8.02909
v -47.1483 50.5629 -56.815
v -47.0736 -70.205 -5.54668
v -47.0622 -71.5682 14.1448
v -47.0437 53.63 -16.9133
v -47.0373 45.4626 -2.8339
v -46.9776 -74.2477 32.4295
v -46.8445 -64.7066 4.20546
v -46.8182 -72.6207 33.7507
v -46.6085 -76.2446 -6.80986
v -46.5636 38.018 -29.9744
v -46.542 -48.0302 21.68
v -46.5268 42.4989 -45.8293
v -46.4386 -73.2924 37.8751
v -46.3452 36.1626 -22.5182
v -46.1895 -74.8378 28.9188
v -46.1732 -66.9894 -1.90973
v -46.1601 44.6766 -50.8076
v -45.913 -8.80014 41.563
v -45.9023 7.87366 -8.97365
v -45.8858 -26.2646 -18.8705
v -45.8745 -21.3508 44.738
v -45.7396 -70.4638 29.5187
v -45.7266 9.94902 51.1902
v -45.7159 44.2034 1.4526
v -45.7031 -65.8493 9.80778
v -45.606 -75.2842 34.372
v -45.5859 46.0354 -7.34084
v -45.5086 -68.3902 35.8922
v -45.5074 -73.8981 -7.57042
v -45.4717 15.8024 48.8286
v -45.4306 54.7882 -59.4534
v -45.4219 40.717 -35.1998
v -45.3063 -42.5671 33.3653
v -45.3021 66.25 -60.9123
v -45.2853 -3.20049 -14.4714
v -45.2451 34.5362 -14.9024
v -45.1782 70.0531 -60.1496
v -45.0599 43.9909 -41.7837
v -45.0168 55.6119 -25.9907
v -45.0088 -28.0164 43.7662
v -44.9991 -47.7434 -2.70873
v -44.9869 6.04249 46.8614
v -44.9226 63.4609 -49.094
v -44.9109 1.92827 38.1303
v -44.8798 47.9501 -11.2549
v -44.8329 59.3888 -40.5351
v -44.7928 47.7974 -54.6408
v -44.7041 0.213893 37.6468
v -44.678 -72.16 24.742
v -44.6088 -68.121 -5.53905
v -44.6083 -75.0473 39.4273
v -44.5847 -74.7427 24.0494
v -44.5738 19.3336 -8.80489
v -44.4488 -15.8155 -18.5861
v -44.4236 36.4965 38.8337
v -44.3137 43.577 33.2814
v -44.2908 37.9335 -24.0042
v -44.1797 36.4143 -17.9068
v -44.0862 -68.9346 26.5799
v -43.8131 23.5386 39.5606
v -43.7625 46.1774 23.1462
v -43.7016 -74.3488 42.3722
v -43.6901 69.0943 -57.7441
v -43.6795 32.7987 -8.08362
v -43.5128 34.5977 -12.0274
v -43.4929 50.8242 -57.4087
v -43.4902 -71.4033 42.3178
v -43.483 -76.2822 -7.9755
v -43.4418 41.8159 -1.56782
v -43.4061 31.4114 38.1312
v -43.3406 -65.002 32.5125
v -43.3348 -34.3699 -17.5013
v -43.2272 55.0327 -31.8391
v -43.1787 41.1883 -5.66201
v -43.1772 41.1828 -29.6426
v -43.1364 -71.26 25.1563
v -43.0957 -74.4236 18.6318
v -43.0849 -7.29559 -18.2087
v -43.0363 -49.8122 19.7987
v -43.0052 39.2179 -20.8047
v -42.9278 68.3591 -60.4494
v -42.9256 -34.6643 41.0505
v -42.7713 -75.7458 17.4272
v -42.7449 27.2311 36.3248
v -42.7381 -68.8444 15.2555
v -42.6812 50.2014 -20.6953
v -42.6759 3.4661 -13.47
v -42.6608 49.6188 -42.7154
v -42.6027 -75.5136 22.168
v -42.5882 44.7586 3.74194
v -42.5531 52.3767 -52.1749
v -42.4565 -11.6698 42.6425
v -42.4135 -49.9327 3.1521
v -42.4123 56.8683 -46.0756
v -42.4083 36.6051 -7.10765
v -42.3242 54.9031 -60.1104
v -42.2242 59.6297 -50.8694
v -42.2082 -43.5197 -8.96131
v -42.1773 45.6745 -16.2886
v -42.1638 53.6383 -39.7239
v -42.1602 44.5397 -31.8129
v -42.1276 -64.4232 38.4374
v -41.9024 30.6409 -6.27749
v -41.8816 64.2559 -56.2507
v -41.8527 -76.3423 -9.26742
v -41.8154 43.9641 -18.2131
v -41.7786 -66.6027 26.7694
v -41.7598 -12.0004 -18.2169
v -41.6214 17.0011 41.9333
v -41.5799 62.8365 -62.1123
v -41.5618 50.7538 -34.1917
v -41.5331 -28.6113 -19.4278
v -41.5067 -51.5665 13.4875
v -41.4521 48.5797 -26.3963
v -41.4137 12.0578 42.8301
v -41.3941 42.4596 0.400924
v -41.3828 -72.6844 19.9375
v -41.3554 3.87566 36.7347
v -41.3314 -2.87525 -16.9879
v -41.2782 7.22927 40.0233
v -41.2713 36.7706 -3.89883
v -41.1377 -40.7041 -13.7657
v -41.1234 64.2441 -61.4537
v -41.0467 -66.4543 42.9004
v -40.9799 57.5896 -60.1065
v -40.9222 -21.3031 45.3555
v -40.8432 -75.7369 30.9746
v -40.6454 -14.8349 -18.9351
v -40.6285 -29.4264 43.1066
v -40.5612 10.5765 -9.04933
v -40.4946 45.396 3.17015
v -40.4178 -62.7878 36.3659
v -40.4058 41.4024 35.0701
v -40.3289 32.9762 36.2512
v -40.2184 2.06049 36.2129
v -40.1543 -75.4652 43.0023
v -39.9374 -70.1222 -8.4371
v -39.9262 43.8812 31.0023
v -39.8859 -15.8801 45.1995
v -39.6865 -72.6556 46.1401
v -39.6816 -71.5659 20.4221
v -39.5964 33.6234 -2.82906
v -39.5327 -51.0041 4.85631
v -39.3869 -69.5862 20.9696
v -39.3588 39.0352 35.7827
v -39.2892 37.3081 -1.96996
v -39.2846 30.9919 33.3383
v -39.2539 -5.96048 41.6094
v -39.0585 -74.5244 45.6776
v -39.044 -76.3344 14.7995
v -39.0439 46.5642 7.79445
v -39.0367 -69.6317 19.3098
v -38.8992 -49.1256 -2.5074
v -38.8796 23.0232 -6.66619
v -38.8498 -61.9227 6.64611
v -38.6059 -61.7292 2.00961
v -38.5576 45.907 11.3096
v -38.514 -35.3916 42.1071
v -38.4249 -46.979 29.5398
v -38.1912 -22.0086 -21.1705
v -38.1542 28.0715 32.9822
v -37.9992 -50.8404 20.8332
v -37.9328 11.3354 -9.1536
v -37.9099 -76.3069 -10.6298
v -37.8846 -27.4376 -21.1465
v -37.8092 37.6828 32.443
v -37.7503 43.5389 -0.392053
v -37.7291 -14.0693 -20.9814
v -37.7235 -52.1597 16.6159
v -37.7004 -23.1311 44.35
v -37.563 -64.1698 43.1244
v -37.5595 -50.8682 21.5624
v -37.5172 -52.4226 2.51251
v -37.4336 -60.69 7.28853
v -37.4168 28.9025 -5.17074
v -37.3298 -50.2498 -1.48683
v -37.2322 -62.8672 -3.33195
v -37.191 -51.8431 18.2086
v -37.126 23.521 35.9192
v -37.1136 45.1962 20.0925
v -37.09 -55.7809 2.17816
v -37.0831 49.3064 3.06551
v -36.9863 42.5174 31.2614
v -36.9848 -69.0689 46.7398
v -36.9039 -34.4875 -18.8345
v -36.857 15.633 39.8663
v -36.7254 -58.5624 -0.921234
v -36.7021 -18.1683 45.5165
v -36.5721 4.31338 35.7747
v -36.3161 -63.1887 12.025
v -36.3149 9.78228 38.9566
v -36.2288 0.718829 -17.5249
v -36.2056 -48.1415 -5.39312
v -36.1961 -9.11465 43.0425
v -36.118 14.4784 -7.06135
v -36.076 40.1635 -1.75013
v -35.9525 -31.415 -20.014
v -35.9489 50.2672 4.46293
v -35.6942 -53.0003 11.0597
v -35.6684 -75.8486 -11.6908
v -35.6574 47.2916 9.3586
v -35.4903 -41.0679 -13.9258
v -35.4693 43.6244 25.8893
v -35.3269 50.5685 0.481387
v -35.2703 -54.4386 9.05023
v -35.2113 8.07348 -13.2821
v -35.154 -4.37981 -18.6566
v -35.1477 -76.6316 -4.96982
v -35.1316 27.8304 30.8208
v -35.1068 31.3099 -2.18112
v -35.0954 34.661 30.4085
v -35.0553 -42.8506 36.9382
v -34.9919 38.0193 27.9414
v -34.9281 -28.8417 45.1222
v -34.8473 44.3624 15.1523
v -34.78 -63.6869 -6.2333
v -34.7357 3.13207 35.5663
v -34.5918 -45.6706 -8.42326
v -34.5421 37.8594 -1.82859
v -34.4693 -59.4873 10.7112
v -34.4217 -74.0148 46.765
v -34.408 -60.8707 36.9385
v -34.3887 26.8088 -2.47958
v -34.3789 -76.3576 19.3807
v -34.2858 -52.4223 19.7071
v -34.2239 -20.1173 -22.3886
v -34.209 -2.21718 39.4475
v -34.1809 -56.1942 -5.4712
v -34.1462 -61.0376 30.5374
v -34.0222 31.9818 28.0056
v -34.021 -66.6826 19.124
v -34.0209 -20.4079 44.9612
v -33.9176 -76.4957 15.6408
v -33.9157 -38.6118 39.5844
v -33.8514 -13.6816 43.4541
v -33.8251 -28.5875 -21.4974
v -33.7633 -71.1705 47.2256
v -33.7416 -53.9608 11.6204
v -33.6986 -33.9223 42.5761
v -33.6161 41.2034 24.9495
v -33.5664 -48.1673 -9.01821
v -33.4945 -76.7944 18.8378
v -33.4788 13.0448 37.0498
v -33.4646 -9.6918 -21.6335
v -33.3563 -38.1697 -15.8702
v -33.3509 -50.6223 24.4416
v -33.3353 35.5839 23.011
v -33.1931 6.23906 34.0323
v -33.1876 -75.5171 33.9899
v -33.1448 45.4688 11.5206
v -33.1411 -62.0395 24.9271
v -33.0982 -49.4523 27.5593
v -33.044 -10.5559 42.5642
v -33.0286 -60.5109 28.6763
v -32.8712 34.4268 -0.609375
v -32.8481 -47.4609 30.893
v -32.7094 22.889 -3.96987
v -32.6045 33.6874 19.3667
v -32.5848 -76.4847 12.3893
v -32.4857 -65.5921 44.7521
v -32.4767 -60.5501 33.9157
v -32.4192 -52.8118 21.4758
v -32.4138 52.3987 -2.18532
v -32.4048 -74.63 -12.3068
v -32.3735 27.7414 26.8721
v -32.3621 42.0661 14.1593
v -32.2938 -76.4296 -11.348
v -32.286 17.2495 -4.82065
v -32.1932 -53.936 18.8422
v -32.1454 -57.1883 25.595
v -32.0728 -53.659 27.1122
v -31.9902 -76.0733 24.7719
v -31.9423 -16.0173 -21.8055
v -31.6686 -68.4813 -10.6878
v -31.618 -13.3892 -22.2992
v -31.3926 -44.5174 35.6777
v -31.2473 -60.4333 14.3163
v -31.2194 -28.0253 44.29
v -31.2053 -54.2254 15.3134
v -31.1587 35.3366 13.9421
v -31.1107 -76.4019 7.98686
v -31.0574 -36.0185 42.3425
v -31.0311 -76.3556 25.0348
v -31.0195 -22.3239 -21.7041
v -31.0128 -63.6643 17.5768
v -30.816 -60.2441 36.448
v -30.7498 39.9654 12.7017
v -30.7238 -56.7328 32.4674
v -30.6778 -76.281 -12.8609
v -30.6385 -48.3708 33.017
v -30.63 20.7746 31.4707
v -30.6078 -39.6709 38.7497
v -30.4968 -75.8451 26.6444
v -30.4431 -67.6244 45.213
v -30.4335 30.0581 2.92581
v -30.3824 33.8777 1.15106
v -30.3748 -0.360142 -18.8839
v -30.3537 10.2771 -13.0678
v -30.289 44.4101 -5.31153
v -30.1954 -41.8558 -13.6766
v -30.1299 -61.4925 17.6419
v -30.1292 18.5967 -2.99339
v -30.1089 -5.51091 40.1807
v -30.0452 -74.9521 9.7402
v -29.9895 -22.8913 45.835
v -29.93 11.4583 32.8886
v -29.8741 -75.339 44.1359
v -29.8212 -10.5544 43.4993
v -29.743 -56.6771 15.6921
v -29.7301 56.0498 -1.15234
v -29.6006 38.1361 -3.05182
v -29.5539 -58.6786 -8.56829
v -29.5276 27.0584 19.8537
v -29.4698 -64.4249 -9.49596
v -29.3512 -0.0922395 38.1159
v -29.2871 31.1844 10.7554
v -29.2828 38.1613 11.0341
v -29.2097 34.3006 8.4153
v -29.1725 -45.3266 -12.4092
v -29.1496 -17.9803 44.2726
v -29.0691 -14.8317 44.8271
v -29.0597 -73.5903 46.018
v -28.7992 -32.1848 43.9671
v -28.7918 16.2325 31.0238
v -28.7012 33.8269 4.26539
v -28.6391 -61.4568 38.6097
v -28.597 -74.091 9.255
v -28.5465 8.72301 30.7899
v -28.5043 -50.042 -11.7991
v -28.2656 19.2634 -0.832817
v -28.2116 -76.3963 -14.3144
v -28.1998 -37.6178 41.0583
v -28.1193 10.891 28.9894
v -28.116 19.3769 28.1976
v -28.0874 23.8198 4.91361
v -28.0052 56.5299 2.41522
v -27.9765 -76.4911 5.87001
v -27.8793 -73.7461 -12.6064
v -27.7399 -56.606 36.553
v -27.6779 5.77364 32.7328
v -27.6601 25.6558 12.8997
v -27.6095 -66.1197 43.4244
v -27.4851 -3.56637 -19.5085
v -27.1958 -44.9159 37.9643
v -27.1702 -69.8005 -12.0599
v -27.1534 -35.4974 -17.0042
v -27.1445 -9.14468 42.1302
v -27.1018 -74.2817 7.90437
v -27.0425 -25.3741 44.9058
v -27.0381 47.9518 8.54319
v -26.9228 -28.3368 43.8271
v -26.8531 52.1349 6.58338
v -26.6713 19.2633 1.04638
v -26.6472 -75.0618 -17.8782
v -26.4776 58.2431 -5.56055
v -26.4449 -30.1595 -19.704
v -26.2605 11.3203 27.056
v -26.2416 -43.8974 -14.6147
v -26.2372 -34.5712 42.2149
v -26.232 -71.79 -17.7224
v -25.8862 43.2527 8.87421
v -25.875 -17.4595 -21.7805
v -25.7426 37.1808 -2.44075
v -25.6761 7.84544 -15.106
v -25.6691 -76.3903 -17.6766
v -25.5335 -76.1777 27.821
v -25.442 20.6377 20.3055
v -25.4376 14.9014 -9.13258
v -25.3639 -75.5924 -22.4039
v -25.2474 -65.6078 -11.0734
v -25.1515 2.09381 -16.9152
v -25.1445 -71.2952 -21.9306
v -25.1063 55.1899 -8.59913
v -25.0965 19.4687 4.04729
v -25.0962 -75.3196 41.9843
v -25.0456 36.1833 3.95626
v -24.9937 37.9848 6.56218
v -24.9885 -47.6708 -13.3731
v -24.9825 -66.6297 43.3126
v -24.9451 -58.7142 -10.3615
v -24.9404 15.1548 23.3301
v -24.9082 -13.7974 43.1735
v -24.8953 16.8864 -5.91031
v -24.6268 -12.6685 -21.7788
v -24.5519 -24.483 -21.7598
v -24.334 -38.0861 42.365
v -24.2452 48.4471 -9.3503
v -24.1801 -4.66857 41.3483
v -24.1345 -75.4823 30.7107
v -24.1187 55.5429 4.7095
v -24.0742 -73.7283 44.5664
v -24.0535 16.045 19.879
v -24.0194 -58.4312 38.964
v -23.843 -71.225 -23.2585
v -23.7868 -76.3058 26.3687
v -23.7805 58.2078 2.72798
v -23.7576 47.3551 5.62254
v -23.6988 40.5299 -5.47991
v -23.671 37.1773 -1.38855
v -23.6588 19.5046 8.49801
v -23.5766 -67.4839 -20.1238
v -23.4653 -75.5804 -26.3601
v -23.422 17.4777 18.1158
v -23.4159 13.3164 24.3817
v -23.3813 -76.4376 -23.8176
v -23.3595 -62.4327 40.1843
v -23.2745 19.169 12.7917
v -23.2601 -38.7222 -17.8567
v -23.2126 -66.1228 -16.9004
v -23.1987 -28.3173 42.0827
v -23.1761 -61.889 -11.065
v -23.1201 -54.3507 -11.4955
v -23.0592 -21.0171 -22.0045
v -23.0494 -32.5981 -19.1017
v -23.0399 -5.22753 -20.9381
v -22.9875 -24.7403 42.9355
v -22.8526 -21.5739 42.5726
v -22.7453 -71.6593 -26.1289
v -22.6567 -73.9366 -27.1993
v -22.5649 -48.6204 40.6894
v -22.3874 52.7294 5.00955
v -22.3803 -42.0271 41.488
v -22.1522 62.4443 -5.42045
v -21.9581 -62.9532 -12.7559
v -21.7981 -76.0367 -5.77817
v -21.7468 -17.8744 -23.1215
v -21.6777 -19.7754 42.4334
v -21.6178 -58.6765 -11.068
v -21.4794 -76.2726 7.01113
v -21.4563 -66.7702 42.3059
v -21.279 -76.2203 -1.87869
v -21.2255 0.821543 37.0846
v -21.1988 -32.9656 43.2568
v -21.099 -75.3438 40.6096
v -20.9362 -76.1444 27.0208
v -20.8654 -23.0722 -21.4237
v -20.7955 45.9052 6.25478
v -20.7843 49.8211 2.59833
v -20.5532 39.9706 3.54904
v -20.4863 52.347 -11.8959
v -20.4364 -13.533 42.1036
v -20.3345 -7.34707 40.4732
v -20.3307 -76.0224 -13.3936
v -20.1805 -64.4006 -22.0352
v -20.1572 -25.9605 -21.4191
v -20.139 63.305 -3.30571
v -20.0736 -76.0729 -29.4003
v -20.0711 -9.98608 -21.5677
v -20.0295 -74.5375 9.59932
v -19.9915 -29.3947 42.9341
v -19.966 -75.609 -2.103
v -19.8917 -76.2624 0.19507
v -19.7477 7.17283 -14.2319
v -19.7433 63.488 -8.69968
v -19.7057 58.4902 2.76368
v -19.67 -73.827 -7.339
v -19.4644 9.10687 30.5462
v -19.3093 -71.3875 42.4065
v -19.2499 -50.1108 40.8325
v -19.2274 12.9159 -10.5938
v -19.2037 -73.6432 10.7606
v -19.0524 -74.0372 42.6659
v -19.011 -26.9015 43.8415
v -18.8686 -4.99806 -20.2821
v -18.828 -76.008 0.319
v -18.7368 17.8794 14.5682
v -18.7137 -57.3198 39.2733
v -18.6788 -76.3798 2.49308
v -18.6046 -50.3529 -11.5725
v -18.573 -66.9369 41.3883
v -18.5063 -33.985 -18.2487
v -18.4114 49.4326 -12.1385
v -18.3774 -39.3045 -16.6714
v -18.2227 42.4405 -7.04629
v -18.0345 -4.3797 38.5549
v -17.8792 50.3038 1.17603
v -17.8726 -74.2637 24.0256
v -17.7794 -19.1414 43.5656
v -17.7394 57.2466 1.90903
v -17.7179 40.4854 0.990173
v -17.6794 -65.1377 40.6529
v -17.64 -76.329 2.661
v -17.5448 -57.348 -10.5535
v -17.5349 -74.3228 11.7166
v -17.4729 53.6428 -0.596383
v -17.4633 -75.289 41.935
v -17.4594 12.4528 27.9526
v -17.4166 -71.5595 -7.01776
v -17.314 -76.3593 4.57073
v -17.2076 -59.9282 -11.1123
v -17.2058 -75.8296 26.503
v -17.1287 -75.4251 -16.8791
v -17.1226 -76.2367 -30.2108
v -17.1119 -63.9542 -23.8844
v -16.9835 -76.2459 9.62498
v -16.9685 4.8789 -16.312
v -16.9564 17.226 -0.392328
v -16.9502 -21.2993 -23.8172
v -16.901 -73.786 13.167
v -16.8885 15.1166 -6.11292
v -16.8422 16.1497 20.6786
v -16.796 -71.629 -5.075
v -16.7926 -25.418 44.0284
v -16.7325 47.8174 4.51633
v -16.7163 -32.8017 42.1651
v -16.665 -74.696 23.032
v -16.6647 0.198281 36.6465
v -16.6046 -0.868085 -19.8108
v -16.189 -74.401 19.269
v -16.1726 -24.9911 -22.5178
v -16.1129 53.7402 -14.2636
v -16.1119 -46.9887 41.0725
v -16.0856 -68.2912 -29.0482
v -16.0828 -74.8591 21.4877
v -16.0647 -74.132 13.6471
v -16.0247 61.6083 0.408522
v -15.9692 -10.6086 42.5166
v -15.9682 -74.9248 -31.0923
v -15.9611 -75.5473 33.2594
v -15.9387 -62.3528 39.5298
v -15.9318 -68.9323 46.1621
v -15.9245 -28.5464 -22.3606
v -15.8912 -42.6077 41.6192
v -15.87 -61.0039 -13.2875
v -15.8562 -65.2186 -27.0922
v -15.8523 -31.8597 -19.6344
v -15.7963 -71.6751 -4.83852
v -15.7944 -74.8096 18.0125
v -15.7342 -36.3872 -18.6546
v -15.6691 63.668 -1.15348
v -15.5703 17.5399 4.61331
v -15.481 -71.695 -2.909
v -15.4615 -17.4751 44.7591
v -15.232 -76.2758 4.914
v -15.1246 8.57436 -11.8734
v -15.084 -43.1328 -15.5641
v -15.0826 -71.6584 -13.8744
v -14.9432 58.7471 -14.9378
v -14.9076 -76.3 6.82424
v -14.8992 -74.9467 34.4174
v -14.7253 -31.0562 -23.2764
v -14.7156 67.3573 -8.21487
v -14.6716 53.3465 -2.53621
v -14.6235 -35.1384 -21.378
v -14.6028 -75.5533 36.6112
v -14.5806 -52.3686 -10.8852
v -14.5227 -23.2589 42.6673
v -14.479 -71.731 -2.671
v -14.3872 -76.1845 13.1792
v -14.3862 -76.1931 -20.7916
v -14.0673 49.4554 2.62467
v -14.0602 -71.689 -0.730745
v -14.0597 -73.6618 48.8585
v -14.0517 -25.6165 -24.8315
v -13.991 42.2045 -1.16646
v -13.9628 64.2754 -13.7182
v -13.9356 -48.5503 -13.066
v -13.9225 -50.8707 38.8521
v -13.8549 -33.5297 -26.6615
v -13.822 -76.186 6.925
v -13.7861 -62.6641 43.5718
v -13.656 -75.656 36.914
v -13.6366 -61.3814 -18.971
v -13.5883 17.1858 12.4789
v -13.5303 -69.656 50.2305
v -13.5012 -76.1823 8.8367
v -13.3871 -76.2385 20.7706
v -13.2915 -3.23467 -20.0686
v -13.2832 48.0073 2.96397
v -13.2646 -74.6127 -30.975
v -13.2248 -64.8529 45.9793
v -13.2213 -75.5173 38.6455
v -13.1377 -76.4485 -29.6285
v -13.1042 3.5629 -17.1178
v -12.9507 43.226 -5.86333
v -12.9424 -59.0574 -10.5714
v -12.9354 -43.9836 -18.1318
v -12.9199 -47.3776 -15.0241
v -12.8659 62.7565 -2.20152
v -12.8354 -56.6808 -10.2483
v -12.7928 -32.8792 -28.58
v -12.7732 64.8798 -2.35725
v -12.7657 -58.912 37.8319
v -12.7545 -0.172767 37.5443
v -12.6696 -74.9415 48.4012
v -12.5447 57.1038 -5.40151
v -12.5386 -27.581 -29.5731
v -12.499 -76.261 9.074
v -12.4547 -23.2249 -25.631
v -12.3943 -66.5225 49.6042
v -12.3441 -25.3358 41.8173
v -12.2728 -12.56 44.6231
v -12.271 -75.641 38.952
v -12.226 -38.4722 -25.605
v -12.2168 -51.8087 -12.4673
v -12.21 11.7581 -7.37066
v -12.128 -76.218 10.916
v -12.0748 -71.6318 -0.417993
v -11.9841 7.693 31.3457
v -11.8302 -75.4631 40.6834
v -11.798 -71.797 1.558
v -11.6472 -5.42053 -22.0175
v -11.4637 67.6885 -4.67775
v -11.3461 -33.2572 -32.7444
v -11.2963 -75.2671 23.3875
v -11.1936 -32.5403 40.9924
v -11.0954 -67.5119 -29.8565
v -11.0655 -44.7073 -22.3636
v -11.0562 -71.8645 32.3315
v -10.9399 -19.3086 -24.7243
v -10.9205 -71.312 -16.342
v -10.9039 -76.1193 10.966
v -10.8944 -52.9967 -16.9551
v -10.8172 -59.4267 -17.0567
v -10.798 -71.833 1.795
v -10.7208 -57.3215 -15.0371
v -10.7003 13.6293 -2.90556
v -10.6057 -74.7496 -19.7544
v -10.564 -71.676 34.14
v -10.5432 -70.2891 52.0061
v -10.5418 51.6421 -2.45723
v -10.522 -54.9022 36.5095
v -10.5199 58.482 -16.9616
v -10.5185 66.494 -4.12319
v -10.4334 -71.7685 3.72168
v -10.4252 -28.6874 42.3666
v -10.189 -44.7719 -27.0149
v -10.1879 -26.759 -33.0805
v -10.0394 43.9478 -4.19091
v -9.96616 -75.8567 16.1248
v -9.95456 -23.2643 43.6873
v -9.92595 50.1641 -13.8211
v -9.90129 -41.4052 -28.8903
v -9.81972 -75.4777 41.0948
v -9.78111 -55.7788 -21.0435
v -9.65615 -59.3998 -20.0901
v -9.60266 -13.5417 -23.6875
v -9.55294 -71.5222 34.3114
v -9.33285 -75.2656 42.7924
v -9.27755 61.0596 -8.28465
v -9.21018 -47.6723 -25.3128
v -9.18233 -19.1499 44.0288
v -9.12773 10.8509 26.2959
v -9.03969 70.2173 -12.9818
v -8.97267 -51.8209 -22.8511
v -8.94383 -71.5869 36.1175
v -8.88052 -21.1222 -32.2783
v -8.85715 -74.6061 17.351
v -8.84035 14.8809 18.1216
v -8.81952 7.09898 -13.8437
v -8.77255 -36.233 40.748
v -8.76476 14.7754 2.124
v -8.75341 -46.0231 37.8176
v -8.72302 -71.9411 -17.9329
v -8.68551 70.7117 -7.5829
v -8.66093 8.48409 30.442
v -8.63244 -10.4781 43.2675
v -8.62338 -72.4275 21.8318
v -8.58808 -16.9131 -25.6442
v -8.56247 -55.6568 36.1475
v -8.5518 15.612 11.5879
v -8.53768 12.4253 22.6555
v -8.51353 -73.686 53.346
v -8.50333 -60.6191 -23.2733
v -8.33318 -69.5953 53.7792
v -8.33081 -66.2467 51.0479
v -8.11471 -72.0224 6.09899
v -8.02314 -59.8468 44.1143
v -8.0116 -8.45061 43.0704
v -8.01016 68.8132 -6.25049
v -7.84233 -62.5361 49.2372
v -7.78443 -57.4814 37.6402
v -7.70766 49.7725 0.280605
v -7.68828 -1.96646 39.5293
v -7.65399 -37.0344 -35.2809
v -7.55706 -26.901 -36.6696
v -7.4985 -76.1917 -21.5807
v -7.18142 -76.5143 -26.4708
v -7.1711 -61.3977 -24.9672
v -7.1599 1.34362 -17.907
v -7.15621 -75.0082 51.9153
v -7.08871 -15.7443 45.1178
v -7.04467 67.8267 -17.6861
v -6.96927 -44.505 38.8802
v -6.90076 -71.1503 36.2542
v -6.75677 -17.3733 45.4175
v -6.55984 -72.2377 15.6905
v -6.5382 -44.3599 -31.8157
v -6.5231 -71.0158 38.0575
v -6.47671 71.1647 -8.0526
v -6.46987 -75.345 43.4359
v -6.44088 -74.9749 -29.2998
v -6.24349 -54.6371 -27.6558
v -6.23814 -23.4661 50.7829
v -6.0002 -36.3935 45.3275
v -5.89856 11.6965 -7.63129
v -5.63791 45.8177 -4.79894
v -5.60497 4.80865 34.3766
v -5.50971 -14.2816 43.8418
v -5.39309 -17.799 -32.699
v -5.36052 -32.8713 -37.288
v -5.34525 -50.1934 -31.1642
v -5.26397 -62.4965 -26.4435
v -5.24434 73.1211 -10.6223
v -5.20729 -56.9231 39.8864
v -4.87516 73.6225 -13.4123
v -4.87364 58.3685 -18.6384
v -4.86601 -6.45016 -23.6358
v -4.80568 -10.7465 44.6201
v -4.72163 47.2267 -2.72051
v -4.49027 -27.4532 54.4334
v -4.41222 -61.5053 49.817
v -4.3748 50.1011 -13.3491
v -4.29856 -71.668 28.9677
v -4.27722 -75.1078 43.6865
v -4.26617 -13.9056 -24.9577
v -4.23675 71.3713 -9.7585
v -4.21304 4.47162 -16.0062
v -4.07075 -31.225 53.8179
v -3.87133 58.1439 -11.0871
v -3.83599 61.7901 -12.5681
v -3.80151 15.649 18.2322
v -3.73532 -73.0047 54.32
v -3.61276 -71.5624 -7.85514
v -3.47864 -72.016 19.743
v -3.47566 -4.75045 42.54
v -3.43665 -48.3411 43.0027
v -3.37983 -19.4833 -35.6831
v -3.36094 -64.1781 52.5634
v -3.12052 -0.849006 -21.0605
v -3.08281 -70.8534 38.5515
v -2.81504 -58.6734 43.4258
v -2.65396 -13.6674 45.1861
v -2.47798 2.45677 38.673
v -2.47086 -35.7779 -38.8831
v -2.4536 -36.2907 51.7301
v -2.4408 -24.1279 -37.9243
v -2.4218 47.7545 -9.11395
v -2.4035 -24.1847 55.4238
v -2.15718 69.5008 -21.2167
v -2.04223 -63.2952 -27.5968
v -2.00381 73.4316 -11.8678
v -1.99731 63.2981 -21.1455
v -1.94273 -16.0036 -32.733
v -1.92069 75.1887 -12.9692
v -1.88261 13.1491 26.1268
v -1.83251 11.3714 -9.51183
v -1.66094 49.7163 -3.39374
v -1.65286 -67.66 -28.8701
v -1.57274 -41.4204 -37.6518
v -1.43669 -16.6277 51.8078
v -1.19435 -72.5056 -18.1395
v -1.18773 -46.2636 -35.5803
v -1.0907 -28.7537 -39.0672
v -1.00772 -11.5883 -24.3352
v -0.9647 -6.77646 43.4437
v -0.823275 -66.3779 53.4946
v -0.749945 54.8324 -9.81835
v -0.736377 8.42459 34.6296
v -0.384239 -75.1901 -27.8306
v -0.162821 -73.8552 53.3047
v -0.0612754 -59.4497 45.8424
v -0.0202899 -41.4633 52.3673
v 0.127914 -71.3478 -16.4837
v 0.181947 76.5954 -19.6323
v 0.427728 -71.7385 7.35716
v 0.535416 1.63974 -19.4558
v 0.576376 17.3019 5.01478
v 0.596675 51.2295 -5.36741
v 0.795763 -11.8162 44.7462
v 1.0916 48.5622 -8.68243
v 1.09291 70.3361 -17.1679
v 1.12856 -2.96969 -22.3915
v 1.13562 -75.0295 50.9707
v 1.17478 -46.9169 50.5934
v 1.20867 51.0575 -13.8358
v 1.23967 -71.7946 22.898
v 1.25145 77.2218 -18.1164
v 1.28171 -71.197 33.6462
v 1.45178 -51.3867 50.0402
v 1.5149 -63.1513 50.9182
v 1.77093 -27.6037 57.9686
v 1.84425 65.9287 -23.9976
v 1.86861 -75.2669 45.0805
v 1.91716 3.77213 -18.5362
v 2.11402 17.8945 18.1456
v 2.13869 -60.8105 47.3054
v 2.17069 74.7879 -24.0157
v 2.20018 0.071802 41.065
v 2.24786 -33.295 55.8575
v 2.3062 -75.5352 -19.4947
v 2.39723 -76.402 -24.7772
v 2.53291 -16.9937 -35.1696
v 2.59992 -76.2027 -21.1635
v 2.69551 56.8084 -19.5649
v 2.73602 -10.3903 43.9505
v 2.91961 -57.2033 -32.4695
v 2.96982 -23.0337 -38.741
v 3.02685 -7.10133 -23.2695
v 3.27152 -65.8721 -27.5279
v 3.30561 76.6603 -19.6754
v 3.38565 49.9728 -9.1134
v 3.39217 51.9907 -7.90115
v 3.46533 -56.0811 50.3067
v 3.529 -75.188 43.684
v 3.53858 7.42736 -15.0312
v 3.63325 -11.5914 -24.5626
v 3.71357 -22.8864 56.8054
v 3.77804 -51.4322 -35.3714
v 3.90023 6.68447 37.2499
v 3.92266 -17.2753 55.3157
v 4.12264 -5.95315 42.8612
v 4.1728 -13.6916 52.1063
v 4.20211 -35.4785 55.8554
v 4.2225 15.1046 -4.11714
v 4.261 76.623 -23.9635
v 4.30541 -60.7616 47.5159
v 4.321 66.5032 -19.1048
v 4.35128 -48.2282 53.0328
v 4.36915 -71.4492 -3.08535
v 4.63055 -43.3477 54.2006
v 4.70054 -36.4199 -38.9731
v 4.75097 -45.1096 -37.5668
v 4.75357 13.5577 30.999
v 4.89572 -73.9058 51.2694
v 4.93029 -28.8681 -39.4733
v 4.96803 -71.4826 28.1037
v 5.02822 -70.5764 39.869
v 5.11318 54.0381 -11.0402
v 5.19891 -74.9436 -25.9926
v 5.26724 11.8158 -8.49368
v 5.31965 -28.626 56.9486
v 5.51096 75.7058 -24.8374
v 5.52199 -75.2245 44.1404
v 5.53534 -9.81144 44.4209
v 5.55749 -10.1382 -23.8037
v 5.57041 -13.2559 -30.474
v 5.65061 -2.8786 43.0419
v 5.66201 -0.999985 -20.4246
v 5.7476 -57.5552 49.9967
v 5.75652 72.3438 -22.5093
v 5.77106 -75.1575 48.8689
v 5.8899 -32.3028 -38.4769
v 5.98319 72.4095 -28.1723
v 6.10238 -44.1957 53.6705
v 6.13887 61.8518 -18.4001
v 6.15445 -63.4406 -29.4401
v 6.24846 19.5328 14.4451
v 6.25418 -38.7195 54.7561
v 6.52853 -48.9834 -36.3364
v 6.57069 74.3356 -27.4633
v 6.60882 -70.6493 38.546
v 6.60883 -52.906 51.7396
v 6.78869 52.9241 -11.9957
v 6.8684 74.474 -25.8092
v 6.91099 -18.3002 -36.4162
v 6.92903 -53.9122 -34.1492
v 6.93098 -48.2161 54.4792
v 7.20879 52.8345 -15.5109
v 7.25342 9.38479 37.0495
v 7.33483 -17.6559 56.2713
v 7.34255 -75.0304 42.5255
v 7.47255 -7.40552 -24.0768
v 7.6718 -58.9527 50.6571
v 7.8908 -62.6158 47.9079
v 7.96237 -9.07464 44.0108
v 8.05792 -59.6453 -31.4421
v 8.11121 -24.2235 57.1618
v 8.19676 -23.2805 -38.4994
v 8.3338 16.0708 -5.57977
v 8.50634 17.494 26.8207
v 8.65718 -70.3435 -26.3076
v 8.67603 56.3861 -15.5592
v 8.71595 -70.5383 38.8566
v 8.78185 -2.72368 -22.3786
v 8.87513 -66.6685 -26.1563
v 8.91809 54.4034 -15.922
v 8.97409 4.10498 -17.3889
v 9.05401 65.6457 -23.2056
v 9.10614 -75.1508 43.2022
v 9.18583 -37.5611 -37.9561
v 9.18755 71.8261 -28.5161
v 9.35568 69.2936 -29.9777
v 9.66572 62.7209 -28.0574
v 9.69258 -73.7978 49.8959
v 9.72672 56.5152 -21.7384
v 9.81192 -71.5323 6.06608
v 9.8872 -14.6281 -33.2248
v 10.104 -56.9415 -33.4857
v 10.162 -75.5403 -18.16
v 10.173 -42.7279 -35.9254
v 10.2946 -76.2362 -23.3708
v 10.3264 -30.2196 58.2792
v 10.3327 -70.5796 37.4812
v 10.3329 -41.8652 55.3275
v 10.3824 -46.7356 -35.8461
v 10.3899 -4.01076 43.5746
v 10.4923 -10.8001 49.9945
v 10.5412 59.6449 -25.2647
v 10.576 58.6696 -19.92
v 10.5779 -71.6722 17.8108
v 10.6806 57.2362 -20.7785
v 10.7189 1.29899 42.3575
v 10.7583 -48.8094 55.9292
v 10.786 -14.8434 54.8816
v 10.8494 -74.7633 -24.9767
v 10.8574 67.2045 -29.0023
v 10.9893 -71.3081 28.7065
v 11.0141 -72.0718 -15.8445
v 11.0709 -25.2063 -38.1465
v 11.084 -74.892 41.468
v 11.1503 -34.1979 57.4394
v 11.2638 60.133 -23.7666
v 11.3642 19.5852 2.74805
v 11.4553 63.3221 -27.1275
v 11.5399 -8.03192 43.8582
v 11.631 9.29762 -14.2328
v 11.9082 -52.1853 -33.6194
v 11.9255 -67.4939 49.0513
v 11.9315 -70.9538 -13.815
v 12.4207 -70.5753 37.8428
v 12.5063 -19.1916 57.0019
v 12.5441 19.6006 23.9721
v 12.6509 -75.2431 42.1756
v 12.8065 -2.42257 44.0247
v 12.8891 -63.3477 47.7002
v 12.9211 -37.6898 -36.6245
v 13.0281 -73.9879 48.9139
v 13.0506 -8.88212 44.5707
v 13.1551 2.14729 -20.7533
v 13.1737 -32.5274 -37.8106
v 13.2496 -63.9797 -29.5839
v 13.3429 -64.2421 47.2857
v 13.3477 -37.4954 58.3031
v 13.612 14.0965 -10.073
v 13.6422 -9.82876 -23.9512
v 13.6499 -53.6598 53.877
v 13.7 8.16706 38.7067
v 13.997 -58.8148 52.262
v 14.0381 13.8175 34.1971
v 14.0401 -70.6267 36.4685
v 14.5043 -0.778023 -22.5368
v 14.6022 -47.7955 -35.5107
v 14.662 -40.9044 -35.9793
v 14.6918 -28.34 57.267
v 14.7064 17.3659 -5.7902
v 14.7485 -74.9794 40.5191
v 14.7745 -12.7452 -30.2338
v 15.1745 -8.11709 -23.3582
v 15.2921 -29.199 -37.4216
v 15.8282 -74.9471 46.8976
v 15.8494 -75.5948 -17.2954
v 15.9649 -18.524 -35.425
v 16.0656 -70.5792 36.8529
v 16.0873 -47.1343 56.1511
v 16.1573 7.91826 -15.0156
v 16.1914 -71.6779 10.6936
v 16.3042 -58.6463 -31.3261
v 16.4269 -33.2924 58.8377
v 16.4901 -75.4171 44.9979
v 16.6558 -75.2838 41.1134
v 16.7849 -71.9315 15.0268
v 16.9645 -74.6939 -24.3575
v 17.0631 19.085 26.8185
v 17.081 -51.4196 53.8208
v 17.1104 -66.6478 -25.4547
v 17.3843 -63.0863 -29.4151
v 17.409 -42.0216 -34.4796
v 17.4737 3.81681 41.6712
v 17.568 -34.9828 -36.0717
v 17.7451 -70.6554 35.4531
v 17.7583 -4.19145 44.1429
v 17.8286 -22.135 -35.9194
v 18.0112 -25.9667 -37.2807
v 18.0776 -8.70067 44.0518
v 18.1057 -71.3232 3.48083
v 18.1156 -71.5698 19.6024
v 18.2146 -40.8666 56.7428
v 18.279 -52.4846 -32.6941
v 18.4615 -4.84406 -22.3083
v 18.4975 -74.9786 39.4306
v 18.6385 -70.8093 -12.9874
v 18.6851 2.41872 -19.635
v 18.7162 21.3296 17.0519
v 18.7792 -24.0174 57.4003
v 18.9752 -35.2528 58.8168
v 18.9801 -76.0792 -21.8725
v 19.0352 -58.482 53.9892
v 19.0526 -56.2743 54.949
v 19.1901 14.6235 -8.49485
v 19.2365 -48.0457 56.7136
v 19.3075 -64.3957 46.9266
v 19.4898 -10.7925 50.783
v 19.5396 -14.921 -32.3435
v 19.5835 -30.69 -35.8215
v 19.5966 -73.8904 46.9677
v 19.7036 -74.905 15.0951
v 19.7973 -75.0507 8.6094
v 19.8493 -70.4504 35.7414
v 19.9398 10.0543 38.0847
v 20.1468 -10.0978 -23.6828
v 20.2214 -75.2921 40.1529
v 20.234 21.6104 9.21454
v 20.2519 -65.742 46.0321
v 20.4968 -71.386 23.1936
v 20.5019 -56.5895 -30.4584
v 20.5113 -72.1773 -14.6019
v 20.6218 -74.6828 -24.091
v 20.6925 -46.2008 -34.3714
v 20.9076 -51.8761 54.6781
v 20.9348 1.79188 42.4415
v 20.9384 -60.1327 52.0046
v 21.1289 20.3132 0.617402
v 21.2536 -8.28062 44.2709
v 21.3984 -75.1608 18.3363
v 21.4106 -14.2998 54.2873
v 21.4543 -29.5728 57.209
v 21.4937 -70.5805 34.358
v 21.6157 -55.7002 53.6983
v 21.6355 -68.8801 46.2818
v 21.6743 15.6294 32.1342
v 21.6874 -70.6757 -7.59307
v 21.6978 -60.7372 -30.3838
v 21.8991 -40.6847 55.9003
v 22.0217 -75.3007 3.35689
v 22.067 -75.192 38.609
v 22.1053 -72.001 -24.7297
v 22.2851 -37.6746 -34.8725
v 22.5544 -20.3046 -33.6995
v 22.5757 -75.4427 43.0319
v 22.599 -53.0441 -32.1049
v 22.731 5.92439 -18.6552
v 22.805 -68.365 -24.2164
v 22.8745 -8.65299 -22.3376
v 22.9491 20.0331 25.0907
v 22.9975 -2.22366 -20.2341
v 23.0577 -32.5094 56.2602
v 23.107 -75.145 38.781
v 23.3356 -75.6237 -16.1306
v 23.3412 -75.9899 13.3619
v 23.5499 -71.5009 25.5266
v 23.5868 -70.5559 34.7137
v 23.8017 -27.7163 -34.176
v 23.8388 -71.2371 -11.877
v 23.9778 -74.5764 22.6012
v 24.1045 2.50326 -20.2898
v 24.1584 -46.6666 56.6971
v 24.2371 -74.8137 45.2322
v 24.2508 -75.9511 4.29564
v 24.4246 -48.9369 56.1497
v 24.5895 -4.82449 42.2626
v 24.6128 -42.1358 -32.8502
v 24.7309 -58.0694 53.3565
v 24.8181 -75.1075 37.2879
v 24.8732 -53.5694 -30.7511
v 24.8925 -24.325 57.3027
v 24.9213 -58.8465 -29.32
v 24.987 -75.8521 8.97857
v 25.0218 2.09221 41.5698
v 25.1129 11.3891 -13.1393
v 25.2501 -70.5107 33.274
v 25.4088 -75.8745 -21.1249
v 25.4305 -76.347 13.3647
v 25.4465 -15.4123 -31.1569
v 25.5551 -41.7186 55.5236
v 25.568 -10.3698 47.3752
v 25.7163 -49.9908 -30.8375
v 25.7705 -73.8163 45.7611
v 26.1213 14.0648 -9.83052
v 26.1497 -25.2799 -33.1962
v 26.1733 -75.0025 6.71479
v 26.1778 -63.2191 49.6276
v 26.1989 -71.3245 -7.24702
v 26.2251 -70.6134 33.5154
v 26.2293 -65.1839 -25.3105
v 26.3245 -75.6954 20.0539
v 26.4225 -5.00276 -21.0951
v 26.515 -75.577 16.379
v 26.5384 7.27273 38.4903
v 26.6162 -45.2263 -32.5698
v 26.6287 -19.6404 54.8387
v 26.7414 -75.3708 37.8883
v 26.7569 -20.7327 -33.0746
v 26.8165 -66.2028 45.4551
v 26.8333 -12.9968 50.8886
v 26.8766 -52.374 53.1759
v 26.8941 -61.5078 -27.7905
v 27.0975 -72.2677 -11.8207
v 27.2798 -35.384 56.7285
v 27.29 -13.5434 -27.4638
v 27.4513 16.8228 -6.36218
v 27.456 -70.8911 29.5415
v 27.467 -75.695 16.675
v 27.7049 -55.4837 -30.6812
v 27.789 -70.9036 32.3597
v 28.0732 -29.509 -33.3752
v 28.074 8.55005 -15.4527
v 28.104 -75.158 18.134
v 28.1342 -73.7354 6.02511
v 28.1766 -2.91854 41.0818
v 28.1857 21.6275 15.4949
v 28.1867 -34.8265 -33.9928
v 28.2846 -74.978 25.4404
v 28.3705 21.0573 5.10024
v 28.4507 -17.3527 -30.6601
v 28.5169 -11.3872 -22.6979
v 28.5245 -75.1206 36.2686
v 28.8501 -7.32903 -20.7493
v 28.8685 -75.8713 2.27598
v 28.98 -72.361 33.9
v 28.992 -29.0041 55.0539
v 29.0915 2.66243 -19.1729
v 29.1028 -75.7264 -13.8366
v 29.2586 12.3065 35.1637
v 29.6954 -47.1361 54.5523
v 29.8656 18.29 27.6687
v 30.0369 -75.4111 -7.21486
v 30.0866 -75.1893 18.6071
v 30.1592 -23.9938 55.3825
v 30.193 -75.3274 42.3105
v 30.2224 -43.1212 54.4183
v 30.2599 -12.5099 49.1076
v 30.285 -0.995757 39.9619
v 30.3012 -57.1924 51.8103
v 30.3045 -49.8235 52.5962
v 30.3339 -70.0756 -23.1291
v 30.3936 -41.8513 -30.8114
v 30.4806 -74.2325 44.7698
v 30.508 -75.1344 20.3836
v 30.6344 -38.8942 -32.1651
v 30.7005 20.5085 20.5842
v 30.7245 -75.0312 3.85361
v 30.7365 -7.82228 47.2887
v 30.7761 12.2585 -11.6753
v 30.7945 -4.28493 43.6892
v 30.8172 -73.5392 -22.7369
v 30.8676 -75.5942 -11.7511
v 30.906 19.8852 1.5907
v 30.9873 -33.3567 55.0615
v 31.0596 -65.0328 44.6616
v 31.356 -53.7638 52.4705
v 31.3931 -74.3416 31.8636
v 31.7558 -34.2499 -31.0718
v 31.8136 -48.6472 51.6598
v 32.1038 -11.1154 48.2909
v 32.2476 8.05784 -15.1093
v 32.5457 -17.5459 -29.0245
v 32.6667 3.98718 38.1537
v 32.6707 -21.9485 -30.7712
v 32.6929 -60.9657 -27.3625
v 32.6991 -66.6533 -24.6781
v 32.9345 -27.2361 -30.4807
v 33.1013 -12.8375 -23.5306
v 33.1735 -63.3855 -25.2305
v 33.1862 -75.1665 29.8492
v 33.229 -75.4507 21.3518
v 33.2602 -18.9691 52.891
v 33.2616 -49.4125 -29.1208
v 33.2891 14.4984 31.718
v 33.4177 -75.4595 -18.6427
v 33.4636 -44.5547 -30.3039
v 33.5477 -39.8639 -31.5321
v 33.6312 -75.6772 -10.3764
v 33.6455 -54.2291 -29.23
v 33.8287 -44.4055 52.8215
v 33.916 -26.1451 52.5963
v 34.2072 -63.7467 43.8808
v 34.3553 -8.02698 -22.2879
v 34.506 -73.5218 44.0585
v 34.5065 -31.7632 54.4954
v 34.5221 -4.57069 -19.077
v 34.6288 -1.40702 40.7791
v 35.0601 -73.5927 -20.3052
v 35.0897 1.75085 -17.2176
v 35.11 -57.558 47.6447
v 35.1247 -15.8797 -24.9581
v 35.4287 -73.8786 3.80504
v 35.5674 -53.2731 49.1197
v 35.6797 17.1948 25.7754
v 35.6836 -71.1442 -21.3206
v 35.7131 -18.1536 51.1807
v 35.7584 -40.7026 52.2281
v 35.8232 12.8022 -8.03128
v 35.8393 19.1972 9.21687
v 35.8602 -58.2167 -26.7604
v 36.0227 10.6463 33.7182
v 36.1409 5.42426 37.0533
v 36.4053 -36.5949 52.0618
v 36.4694 -74.9992 40.1451
v 36.6421 -75.0127 -15.5149
v 37.03 -61.3218 -24.0185
v 37.1031 -7.2115 46.0349
v 37.1069 -62.9426 43.0183
v 37.1593 -20.077 -27.0162
v 37.225 -34.4314 -28.6523
v 37.4569 -75.6985 1.59632
v 37.4913 -75.3434 22.0613
v 37.6487 -24.4575 -28.3229
v 37.6748 17.9745 18.3384
v 37.6786 -48.6494 49.0764
v 37.6842 -74.9514 -13.564
v 37.724 -66.8835 44.1088
v 37.7332 -16.0901 47.8042
v 38.0378 -74.3936 4.79751
v 38.0767 -3.75603 -17.4213
v 38.1049 -33.1407 52.8996
v 38.1528 15.1011 26.6885
v 38.4218 -8.48878 -22.1222
v 38.5376 -20.9907 48.7363
v 38.5401 16.3151 0.32807
v 38.5891 -74.9049 -7.76803
v 38.6202 -55.612 -27.9342
v 38.6234 -73.7425 40.7923
v 38.764 -73.643 6.112
v 38.96 -73.875 19.185
v 39.8774 -74.7502 31.2671
v 40.0189 -74.8742 -3.95946
v 40.0612 -56.574 46.7791
v 40.1289 -66.895 -21.2849
v 40.14 8.7798 34.2882
v 40.1691 -40.5431 -28.4257
v 40.1977 -2.20919 39.9947
v 40.2278 -71.4851 -10.2985
v 40.2659 -71.172 41.7748
v 40.3245 -61.2925 41.4389
v 40.3793 -45.6589 47.8055
v 40.4349 -74.3104 7.0475
v 40.5625 -14.8821 -22.7986
v 40.576 -62.9179 -20.9695
v 40.6305 4.89631 -13.5463
v 40.7067 -73.8069 17.6728
v 40.7785 -51.269 48.4052
v 40.83 -75.0599 -1.47476
v 40.8683 -41.3004 48.9025
v 40.897 -74.063 8.784
v 41.0079 1.70682 37.3589
v 41.0454 -27.2954 50.6129
v 41.3058 10.8427 -6.67259
v 41.3253 11.5475 31.3
v 41.5388 -1.91023 -15.6802
v 41.5721 -72.8472 -2.9201
v 41.582 -21.2358 -24.7852
v 41.584 -44.5316 -27.3562
v 41.6282 -29.8132 -26.3949
v 41.677 -74.509 9.35
v 41.6955 -74.6312 26.126
v 41.907 -48.1268 -26.0928
v 41.9566 -64.6842 -18.1421
v 42.1396 -75.6234 6.4658
v 42.2863 -22.5732 48.9661
v 42.4692 -55.6221 -25.8614
v 42.5378 -38.3382 48.7963
v 42.59 15.0944 4.22346
v 42.5921 14.6549 23.7703
v 42.6412 -58.8307 -23.6052
v 42.7314 -73.7537 12.6768
v 42.7435 -75.236 18.7091
v 42.7948 -65.9139 -14.3231
v 42.9469 -68.0748 -8.36987
v 43.0248 -12.6142 46.1689
v 43.0758 -75.1454 1.32856
v 43.1432 6.08366 -11.0933
v 43.3684 15.1538 18.9933
v 43.4148 -50.9666 -25.6728
v 43.434 -4.68289 39.766
v 43.8145 -69.6929 38.2191
v 44.4533 -44.293 -23.953
v 44.487 -26.2817 -24.8886
v 44.5002 -48.6113 45.2161
v 44.6143 -75.616 10.2412
v 44.7363 -53.9883 43.3658
v 44.9906 -70.5909 -4.14215
v 45.0243 -71.0972 31.8574
v 45.0358 -6.2086 -17.3866
v 45.0612 -35.7278 -25.3679
v 45.0877 -59.0399 39.46
v 45.1273 -11.487 -20.1357
v 45.171 -7.17471 41.2817
v 45.3595 -75.4257 14.0102
v 45.3875 -31.6958 48.2313
v 45.4143 -65.5336 38.5992
v 45.4662 5.38043 33.1323
v 45.7149 2.424 -11.3084
v 45.7658 -20.7745 -23.0934
v 45.8596 -39.8815 43.9471
v 45.864 -54.5055 -21.3195
v 46.073 -26.7709 47.0806
v 46.1404 -71.3877 29.0517
v 46.3496 13.0286 7.99365
v 46.5998 -49.7926 -22.9554
v 46.8703 -65.6872 36.5755
v 47.027 -1.27419 -13.4002
v 47.1236 -74.5194 20.0841
v 47.1546 -24.3357 46.1792
v 47.1648 -32.0153 46.0061
v 47.4562 -48.5074 43.9623
v 47.4739 -5.29004 38.2696
v 47.5524 -58.8805 -20.0837
v 47.8081 -1.45742 37.1555
v 47.935 -61.6998 -16.4572
v 48.0712 -74.9055 4.51164
v 48.2153 -10.5534 -17.3639
v 48.3357 -44.3514 -20.4384
v 48.4972 -16.7737 43.9478
v 48.5096 -39.4919 -22.5513
v 48.6075 -53.1828 41.0699
v 48.7919 8.06073 -2.80008
v 48.8738 -63.6171 -7.09539
v 49.2941 -25.8304 43.4933
v 49.3085 3.83583 32.2007
v 49.3601 -52.7 -17.7293
v 49.5423 -39.28 41.6592
v 49.7003 -10.6173 40.7492
v 49.9037 -27.3638 -20.2856
v 50.0771 8.52101 25.0771
v 50.1416 -59.2458 36.6857
v 50.369 -68.8516 28.6371
v 50.5548 -16.6616 -18.6555
v 50.6654 -75.0385 13.0917
v 50.6946 1.81948 -8.74177
v 50.8984 -22.2201 -19.8797
v 51.1461 -4.77008 -13.2044
v 51.2266 -43.6924 41.1051
v 51.3381 -34.1995 42.9003
v 51.469 -71.5351 24.9119
v 51.5852 8.58112 14.5397
v 51.63 -55.271 -13.7602
v 51.6717 -49.1438 -17.9932
v 51.9852 -58.2207 -9.58489
v 52.0045 -4.25052 34.5617
v 52.1232 -39.3725 -18.5299
v 52.196 -65.2808 -5.68921
v 52.4038 -71.1313 -1.5886
v 52.5694 -30.7761 -19.2127
v 52.6796 -61.7593 31.8108
v 52.9297 -21.4237 42.4503
v 53.1192 -26.7249 41.7644
v 53.4356 6.02872 3.01824
v 53.4859 -58.8374 -6.87328
v 53.5299 -68.693 27.553
v 53.7202 0.292855 -6.47715
v 53.7671 4.76092 23.6188
v 53.9338 -62.5189 31.0323
v 54.4614 -14.7018 -13.4877
v 54.5336 -46.5066 39.3206
v 54.545 -50.634 38.2478
v 54.5606 -74.2171 11.8421
v 54.6189 -12.2459 36.9047
v 54.9887 -41.9558 -15.8361
v 55.2114 -25.9783 -17.996
v 55.6184 -5.18449 -9.13339
v 55.6509 -9.70048 -11.7333
v 55.7328 -19.5542 -16.0321
v 55.7894 -34.4704 -13.6179
v 55.9888 -33.1658 38.5966
v 56.1562 -39.3739 37.2735
v 56.2025 -56.1569 -6.54251
v 56.8028 -18.2322 37.2655
v 56.8059 -63.2606 -6.0156
v 57.2859 -52.8484 32.3543
v 57.4005 -70.8398 22.5416
v 57.561 -49.8201 -10.1339
v 57.591 -3.21293 27.015
v 58.1943 -68.0211 -3.02337
v 58.2033 -53.8698 31.2883
v 58.4035 -52.8444 -5.41774
v 58.5112 -41.985 -12.2692
v 58.5867 -32.8177 -10.7957
v 58.7159 -3.12108 1.31246
v 58.9132 -4.16225 24.7477
v 58.9367 -15.7299 32.9104
v 59.1149 -26.5482 -13.9375
v 59.2132 -8.85535 -5.88638
v 59.3691 -44.3731 33.6829
v 59.4501 -2.20982 16.3874
v 59.4866 -66.5472 28.7247
v 59.6732 -28.8629 34.0999
v 60.0354 -49.5984 -4.24197
v 60.1762 -71.107 4.65127
v 60.1789 -2.90462 9.45881
v 60.2739 -71.0722 16.07
v 60.311 -38.4969 32.2068
v 60.3946 -48.9608 29.8189
v 60.6308 -62.9641 31.8468
v 60.8482 -14.3484 -5.78695
v 61.1417 -5.824 2.10213
v 61.2394 -44.9675 -4.55636
v 61.3521 -23.8881 30.7984
v 61.6159 -30.8476 -6.75863
v 61.6159 -39.1415 -7.56572
v 61.6604 -19.4533 -8.78398
v 61.6771 -64.5954 -3.74702
v 61.7678 -58.5535 32.7149
v 61.9264 -47.9434 28.9496
v 62.5347 -46.3622 -1.98866
v 62.7197 -11.3873 0.587801
v 62.8261 -58.4774 -6.83504
v 62.906 -41.9104 26.8377
v 63.494 -15.2329 23.7596
v 63.6712 -11.0482 12.5989
v 63.8304 -25.1717 -3.59483
v 63.8919 -31.4473 25.9366
v 64.5561 -26.3095 0.665348
v 64.5799 -24.2512 24.4186
v 64.5867 -67.7239 2.86555
v 64.5979 -42.3414 25.5843
v 64.6382 -19.6527 -0.935962
v 64.6462 -42.3194 1.17965
v 64.7157 -34.0371 -0.259404
v 64.8333 -31.1064 -1.1151
v 65.0849 -58.6487 32.1834
v 65.1352 -17.5196 14.2059
v 65.1873 -39.173 22.5504
v 65.2058 -50.4258 31.6601
v 65.2815 -52.3077 -5.62422
v 65.3916 -16.1035 6.75073
v 65.4757 -66.1666 24.3122
v 65.7063 -23.6643 4.93919
v 65.8445 -29.9405 20.9998
v 66.0066 -68.3226 16.3472
v 66.0655 -61.825 -4.32626
v 66.4008 -40.01 23.0259
v 66.4049 -36.0721 18.5077
v 66.423 -29.5282 7.59579
v 66.7569 -38.4316 4.60536
v 66.7812 -36.7845 6.34856
v 66.8505 -35.8107 11.2413
v 67.1439 -52.6671 31.9726
v 67.3873 -37.8639 18.3701
v 67.6822 -61.5228 28.429
v 67.9477 -36.5056 14.2101
v 68.3195 -43.8451 27.9937
v 68.3775 -38.5439 4.86462
v 68.3904 -53.4641 -5.58779
v 69.0065 -65.26 2.92864
v 69.2934 -66.7562 10.4811
v 70.3141 -47.4224 -3.36105
v 70.9267 -64.0673 21.7018
v 71.4074 -37.0327 19.3304
v 71.7443 -46.5593 29.1806
v 71.9676 -39.7688 24.3106
v 72.4307 -57.944 -1.75296
v 72.5693 -49.6331 29.3811
v 73.4053 -54.9511 27.937
v 73.6235 -49.8427 -2.90564
v 73.8769 -36.6318 9.64587
v 74.6537 -36.7987 18.2966
v 74.7827 -40.3669 2.99963
v 75.0912 -41.0711 24.3771
v 75.5015 -60.7991 19.1234
v 76.0963 -44.5157 25.845
v 76.3048 -59.2461 5.46706
v 76.3205 -37.6227 9.1762
v 76.4502 -49.9965 0.41037
v 77.4553 -43.8424 2.33846
v 77.5104 -59.2209 12.871
v 77.6361 -46.5463 24.8569
v 78.0218 -40.9738 5.17656
v 78.0459 -40.3097 20.3293
v 78.0545 -55.8239 21.3146
v 78.2732 -38.2589 14.749
v 79.4369 -51.6346 20.42
v 79.4928 -49.2842 4.88123
v 79.5163 -40.5188 9.68307
v 80.6703 -42.7935 16.7123
v 81.074 -49.167 10.4425
vn -0.998415 0.0429778 -0.0363358
vn -0.995489 0.0489061 0.0813062
vn -0.995169 0.0163238 -0.0968121
vn -0.994884 -0.0265461 0.097478
vn -0.993817 0.0960255 -0.0557425
vn -0.992854 0.0997595 0.0654847
vn -0.992524 -0.109067 -0.0547798
vn -0.990998 -0.101643 0.0871257
vn -0.990392 0.0491815 -0.12925
vn -0.989921 0.00125283 -0.141613
vn -0.989195 -0.130434 -0.066931
vn -0.98804 -0.0615878 0.141362
vn -0.986429 -0.00510528 -0.164111
vn -0.986147 -0.164125 -0.0240087
vn -0.982558 -0.176176 -0.0595136
vn -0.982184 0.0397923 0.183663
vn -0.981742 -0.0136912 -0.189725
vn -0.981397 0.0323559 -0.189244
vn -0.981176 -0.115387 -0.154852
vn -0.981143 -0.14998 -0.121918
vn -0.980373 -0.120996 -0.155653
vn -0.978413 0.10477 -0.178131
vn -0.977919 -0.0489982 -0.203161
vn -0.976981 -0.0407014 0.209407
vn -0.976891 -0.14125 0.160414
vn -0.976805 -0.200638 -0.0748108
vn -0.976061 0.158353 0.149093
vn -0.975852 0.197703 0.0928829
vn -0.975541 0.0358863 0.216869
vn -0.974189 -0.0384364 -0.222437
vn -0.97335 0.0469197 0.224476
vn -0.972909 0.230786 0.0136511
vn -0.971914 -0.194573 0.132379
vn -0.971789 -0.176401 0.15655
vn -0.969896 -0.11127 -0.21661
vn -0.968369 0.242666 0.0580928
vn -0.967505 -0.0192668 -0.252119
vn -0.967498 -0.224561 0.116277
vn -0.965215 0.250503 -0.0748921
vn -0.964406 0.0251733 -0.263226
vn -0.963362 -0.220833 0.152204
vn -0.9607 -0.0251281 -0.27645
vn -0.958015 -0.211086 -0.194038
vn -0.955139 0.2651 0.132025
vn -0.954037 0.0230638 -0.298802
vn -0.953713 -0.270619 -0.131138
vn -0.95212 0.0559751 -0.300556
vn -0.951967 -0.163488 -0.258902
vn -0.951935 -0.0105485 -0.30612
vn -0.951831 0.292018 -0.0935021
vn -0.951027 -0.218575 -0.218569
vn -0.949286 -0.0409788 -0.311732
vn -0.947995 -0.215335 0.234384
vn -0.947528 0.31966 -0.00276549
vn -0.946344 -0.0933933 -0.30937
vn -0.945933 -0.324292 0.00678549
vn -0.944502 0.307548 0.115454
vn -0.943652 -0.133307 -0.302904
vn -0.943568 0.242822 -0.225205
vn -0.942258 0.253076 0.219322
vn -0.942181 -0.288174 -0.171026
vn -0.942135 0.300472 -0.148656
vn -0.94197 -0.304476 0.141377
vn -0.941128 -0.0897852 -0.325909
vn -0.940769 0.260631 0.216852
vn -0.940436 -0.326005 0.096442
vn -0.93947 0.0151 -0.342298
vn -0.937621 -0.176045 0.299791
vn -0.937282 -0.348367 -0.0119395
vn -0.937215 0.335254 0.0960847
vn -0.937048 0.339004 -0.0837667
vn -0.936874 0.290712 0.194302
vn -0.93402 -0.348253 -0.0795389
vn -0.933269 -0.332087 -0.136846
vn -0.932723 0.0359085 -0.3588
vn -0.931105 0.247555 0.267879
vn -0.92919 -0.0341714 -0.36802
vn -0.928569 0.370836 0.0155211
vn -0.925899 0.328935 0.185774
vn -0.92418 0.0903061 -0.371129
vn -0.923805 -0.0951719 -0.370845
vn -0.922649 -0.36287 -0.130555
vn -0.922177 -0.150845 -0.356139
vn -0.92053 -0.0276325 -0.389693
vn -0.920215 0.391357 0.00665283
vn -0.919576 -0.104906 -0.378648
vn -0.919031 -0.281687 0.275745
vn -0.918986 0.154001 0.362972
vn -0.918064 -0.0725636 -0.389735
vn -0.917166 -0.321214 -0.235857
vn -0.91652 0.399567 -0.0183711
vn -0.915384 -0.402195 -0.0176428
vn -0.915281 -0.294998 -0.274294
vn -0.914207 -0.369258 -0.166954
vn -0.913682 -0.243013 -0.325775
vn -0.912951 0.312298 -0.262659
vn -0.912708 0.220651 -0.343914
vn -0.912264 0.319854 -0.255865
vn -0.911835 0.278007 -0.302109
vn -0.91161 -0.41001 0.0292986
vn -0.910488 0.39309 -0.128422
vn -0.909658 0.0497887 -0.412364
vn -0.909194 0.185801 -0.372618
vn -0.908175 0.306633 -0.284948
vn -0.907884 0.402666 0.116649
vn -0.907025 0.292836 -0.302577
vn -0.902648 -0.428422 -0.0410046
vn -0.902308 -0.0202326 0.430617
vn -0.902201 -0.355678 0.24398
vn -0.901971 0.425583 0.0729887
vn -0.901052 -0.368533 -0.228667
vn -0.900847 -0.418166 -0.116671
vn -0.896399 -0.185118 -0.402742
vn -0.895942 -0.233795 0.377661
vn -0.895774 -0.156093 -0.416203
vn -0.894517 0.428658 -0.126849
vn -0.894292 -0.446965 0.0215473
vn -0.891279 -0.333621 -0.307112
vn -0.890923 0.186754 -0.41398
vn -0.890167 -0.431264 -0.147016
vn -0.889965 -0.296656 -0.346348
vn -0.889893 -0.336921 0.30753
vn -0.88738 0.405155 0.220014
vn -0.88622 -0.144289 -0.440222
vn -0.880727 0.29899 -0.367322
vn -0.879017 -0.0914676 -0.467935
vn -0.878509 0.189516 -0.438526
vn -0.877952 0.436843 0.195881
vn -0.874694 -0.291276 -0.387388
vn -0.871698 -0.358439 -0.334162
vn -0.871193 -0.225217 -0.436235
vn -0.868023 -0.105877 -0.485104
vn -0.868021 -0.494257 0.0474322
vn -0.866539 0.0937326 -0.490228
vn -0.866421 0.328135 -0.376354
vn -0.86427 -0.45204 0.220673
vn -0.862502 -0.45485 -0.221813
vn -0.861145 0.396778 -0.317801
vn -0.860608 -0.307457 -0.405986
vn -0.858752 -0.470049 -0.20396
vn -0.857819 -0.48564 0.168227
vn -0.857053 -0.071896 -0.510187
vn -0.855279 -0.47729 -0.201721
vn -0.853309 -0.310502 0.418871
vn -0.84943 -0.342064 0.401822
vn -0.848984 -0.360872 -0.386002
vn -0.848919 -0.434256 -0.301261
vn -0.847366 -0.0932804 -0.522752
vn -0.846872 0.312593 -0.430224
vn -0.846795 -0.103363 -0.52178
vn -0.842174 -0.414571 -0.344781
vn -0.83936 0.0937261 -0.535435
vn -0.838385 0.429626 0.335458
vn -0.838281 0.509037 -0.195362
vn -0.83712 0.177688 -0.517355
vn -0.835036 -0.224798 -0.502176
vn -0.833686 0.150969 -0.531202
vn -0.833096 -0.299685 -0.464908
vn -0.832723 -0.160382 0.529953
vn -0.831487 -0.479364 0.280784
vn -0.831244 -0.366656 -0.417848
vn -0.831091 0.107668 0.545614
vn -0.830743 -0.513923 -0.213892
vn -0.827797 -0.559568 0.0404312
vn -0.827369 0.263345 0.496095
vn -0.826164 0.562884 -0.024778
vn -0.824736 0.554082 0.113154
vn -0.824202 -0.561119 -0.0763989
vn -0.823756 -0.501109 0.265172
vn -0.822855 -0.551212 0.13811
vn -0.822846 0.523071 -0.222081
vn -0.821967 -0.330231 0.464024
vn -0.821183 -0.56971 -0.0329959
vn -0.821045 0.214647 -0.528972
vn -0.821019 -0.0992552 0.562206
vn -0.82069 0.0417605 0.569845
vn -0.820405 0.341254 -0.458782
vn -0.816667 -0.37918 -0.43506
vn -0.815971 0.556518 -0.156457
vn -0.815079 -0.567532 0.11642
vn -0.8142 -0.145728 -0.561998
vn -0.813126 -0.038163 -0.580835
vn -0.812798 0.190142 -0.550641
vn -0.812456 0.138045 -0.566444
vn -0.812254 -0.377198 -0.444932
vn -0.811962 -0.569106 -0.129752
vn -0.811948 -0.0975046 -0.575529
vn -0.811034 0.397483 0.429221
vn -0.808987 0.234049 0.539223
vn -0.808667 -0.568204 0.152318
vn -0.807981 0.507999 0.298501
vn -0.807579 -0.585925 -0.0671332
vn -0.806314 0.468665 -0.360848
vn -0.805021 -0.0275363 -0.592607
vn -0.803746 0.594104 0.0321301
vn -0.802369 -0.564796 0.192899
vn -0.802122 0.307636 -0.511821
vn -0.800516 -0.118035 -0.587573
vn -0.797847 -0.573589 -0.18557
vn -0.797584 0.204021 0.567657
vn -0.797045 -0.596074 0.0970333
vn -0.793775 0.0493601 0.606205
vn -0.792536 0.543068 -0.277423
vn -0.790446 -0.34956 -0.502994
vn -0.789926 0.164149 0.590823
vn -0.789425 -0.114507 -0.603073
vn -0.789125 0.165728 -0.591452
vn -0.789029 0.216039 0.575118
vn -0.786671 -0.182223 -0.589868
vn -0.784563 0.311322 0.536227
vn -0.783929 0.386208 -0.486106
vn -0.782854 -0.291103 -0.549908
vn -0.782716 -0.249533 -0.570167
vn -0.781008 -0.605929 0.151248
vn -0.780692 -0.526176 -0.337134
vn -0.779966 -0.221485 -0.585318
vn -0.777859 -0.208877 -0.59271
vn -0.777437 0.267083 0.569437
vn -0.77732 0.18595 -0.600996
vn -0.774556 -0.604786 -0.185192
vn -0.772386 0.330845 -0.542182
vn -0.768181 0.0902688 0.633837
vn -0.764148 0.583382 0.275215
vn -0.761555 -0.310958 0.568629
vn -0.761127 -0.497342 0.416338
vn -0.760996 0.0668904 -0.645299
vn -0.756813 -0.139011 0.638678
vn -0.754018 -0.550925 -0.357685
vn -0.753634 -0.476855 -0.452377
vn -0.751837 0.276183 -0.598718
vn -0.751766 -0.187176 0.632308
vn -0.751693 -0.5425 0.375036
vn -0.751184 0.314098 0.580573
vn -0.749497 -0.583513 -0.312678
vn -0.749287 -0.613419 -0.249572
vn -0.745402 0.430125 -0.509282
vn -0.744465 -0.372546 -0.554058
vn -0.740381 0.38929 -0.547986
vn -0.738814 -0.0345682 -0.673023
vn -0.736643 -0.230331 0.63585
vn -0.735883 -0.207727 0.644458
vn -0.734855 0.660348 -0.15469
vn -0.733046 0.657921 -0.17258
vn -0.732866 -0.142777 0.665224
vn -0.732675 0.594183 -0.331865
vn -0.732571 0.605095 0.311769
vn -0.730125 -0.00783255 0.683269
vn -0.725232 0.324024 -0.607493
vn -0.721376 0.132452 0.67976
vn -0.718815 -0.682544 -0.132054
vn -0.718187 0.684667 0.124251
vn -0.713451 0.700575 -0.0135538
vn -0.713437 -0.645343 0.273021
vn -0.711293 -0.29825 -0.636482
vn -0.709041 0.704206 0.0368069
vn -0.708476 -0.655427 -0.261681
vn -0.708352 0.382322 -0.593353
vn -0.70796 0.320807 0.629186
vn -0.705803 -0.670699 0.228046
vn -0.703583 0.522547 -0.481576
vn -0.701794 -0.52883 0.477308
vn -0.701569 0.622531 -0.34678
vn -0.70105 0.546913 -0.45762
vn -0.700016 -0.197637 0.686235
vn -0.699478 -0.509363 0.501277
vn -0.695631 -0.540672 -0.473045
vn -0.693331 -0.715313 0.0872921
vn -0.691839 0.184838 0.697992
vn -0.691191 0.559588 -0.457292
vn -0.690697 -0.0957408 0.716778
vn -0.690418 0.116682 0.713939
vn -0.685814 -0.651467 -0.324421
vn -0.685695 0.344671 -0.641111
vn -0.685454 -0.722898 -0.0870124
vn -0.68496 0.0710978 -0.725103
vn -0.68418 0.725163 -0.0776881
vn -0.683593 -0.616095 0.391316
vn -0.683152 0.384145 -0.621077
vn -0.678802 -0.67537 0.288277
vn -0.67857 -0.321974 -0.660209
vn -0.677447 -0.677464 -0.286545
vn -0.676563 -0.635872 0.371387
vn -0.676333 -0.305832 0.670104
vn -0.676249 0.180106 -0.714318
vn -0.67447 0.410486 0.613671
vn -0.673135 -0.361826 0.644959
vn -0.672983 0.624823 0.39584
vn -0.671233 0.527067 -0.521198
vn -0.668348 -0.663835 -0.335611
vn -0.667635 -0.462584 0.583334
vn -0.665813 -0.669494 0.32935
vn -0.665802 -0.339949 0.664185
vn -0.661714 0.317274 -0.679317
vn -0.660435 -0.196684 -0.724666
vn -0.660325 -0.187042 -0.727315
vn -0.660291 -0.749483 -0.0478708
vn -0.659303 0.704442 -0.262831
vn -0.65492 0.701507 0.281011
vn -0.653252 -0.749251 -0.109015
vn -0.649685 -0.716066 0.255261
vn -0.649425 0.445659 0.616146
vn -0.648347 -0.299534 0.699947
vn -0.647445 -0.761106 0.0391574
vn -0.643638 0.6845 -0.342331
vn -0.639716 0.444923 -0.626743
vn -0.639695 0.441859 -0.628929
vn -0.63887 -0.321471 -0.698929
vn -0.636986 -0.281946 -0.717464
vn -0.636896 -0.756573 0.148189
vn -0.636201 0.13609 -0.759426
vn -0.633546 0.44386 -0.633725
vn -0.633519 -0.687862 -0.354259
vn -0.633318 0.683834 0.362326
vn -0.632352 -0.682331 -0.366817
vn -0.631315 0.0831654 -0.771054
vn -0.629809 0.668142 -0.396139
vn -0.629692 -0.24601 -0.736863
vn -0.628966 0.71039 -0.315829
vn -0.623211 0.147183 0.768079
vn -0.619349 0.674295 -0.402161
vn -0.61804 -0.0233179 0.785801
vn -0.615506 -0.788086 -0.00855873
vn -0.613859 0.443405 -0.653122
vn -0.612954 0.302314 -0.729996
vn -0.61117 0.69733 0.374435
vn -0.609927 0.792295 -0.0160855
vn -0.609662 0.184323 0.770933
vn -0.608772 -0.167677 -0.775423
vn -0.607803 -0.762532 0.22163
vn -0.607796 0.417431 -0.675526
vn -0.607348 0.161961 -0.777751
vn -0.607088 0.328808 -0.723415
vn -0.606965 0.172062 -0.775879
vn -0.605124 -0.346453 -0.716795
vn -0.604985 -0.598632 0.525007
vn -0.603973 -0.210001 -0.768841
vn -0.60358 0.546102 -0.580916
vn -0.603038 0.075911 -0.794093
vn -0.601479 -0.299303 -0.740702
vn -0.600944 0.679636 0.420668
vn -0.599843 0.774777 0.199772
vn -0.599791 0.61512 0.511741
vn -0.59943 0.799464 -0.0392588
vn -0.598095 0.801287 0.0149126
vn -0.597642 -0.664235 -0.449017
vn -0.594527 -0.376913 0.710263
vn -0.592804 0.598131 0.53928
vn -0.592711 0.258038 -0.762961
vn -0.590917 0.657887 -0.466906
vn -0.590516 -0.514595 -0.621678
vn -0.589766 -0.632653 0.501922
vn -0.58662 0.549748 0.594689
vn -0.586474 -0.611992 0.530579
vn -0.585012 -0.65707 0.475415
vn -0.583012 -0.0518515 0.810807
vn -0.58066 -0.778927 -0.236868
vn -0.579801 0.7134 -0.393561
vn -0.579518 -0.801884 -0.145398
vn -0.57774 0.700904 -0.41827
vn -0.576539 -0.720178 -0.385935
vn -0.568601 -0.402377 -0.717486
vn -0.567719 -0.820005 -0.0727052
vn -0.56619 -0.142498 -0.811864
vn -0.565971 0.163398 -0.80807
vn -0.564888 0.133331 0.814324
vn -0.56483 -0.542524 0.6218
vn -0.564208 -0.611973 -0.554219
vn -0.56404 -0.792705 0.231251
vn -0.562927 0.719321 -0.407052
vn -0.561831 0.242284 -0.790977
vn -0.561315 -0.594032 -0.576239
vn -0.558296 0.347069 -0.753557
vn -0.55776 0.521827 0.645446
vn -0.554206 0.150873 0.818592
vn -0.55364 -0.4339 -0.710784
vn -0.552943 -0.26908 0.788575
vn -0.547756 -0.304258 -0.779353
vn -0.547753 -0.292613 0.783801
vn -0.547572 -0.229981 -0.804533
vn -0.546762 0.29387 0.784023
vn -0.546473 0.356304 -0.757901
vn -0.545186 0.838274 0.00834784
vn -0.545067 0.488621 -0.681287
vn -0.543743 -0.183887 -0.818858
vn -0.542334 0.822883 0.169521
vn -0.541618 0.730643 -0.415705
vn -0.540272 -0.831419 0.129804
vn -0.539771 0.752305 -0.377737
vn -0.539696 -0.818767 0.195828
vn -0.539516 0.222813 -0.811958
vn -0.539016 -0.803169 -0.253733
vn -0.53867 -0.8424 -0.0139852
vn -0.53848 0.616712 0.5742
vn -0.538357 -0.805919 -0.246306
vn -0.531992 -0.634844 -0.56032
vn -0.531061 -0.843984 -0.0752618
vn -0.529412 0.835816 0.145376
vn -0.528343 -0.0985749 -0.843289
vn -0.526779 0.590712 0.611199
vn -0.524846 0.354549 -0.773842
vn -0.524535 -0.600222 -0.603819
vn -0.524503 -0.523083 -0.671774
vn -0.523934 0.818546 -0.235532
vn -0.52307 0.596943 0.608323
vn -0.522053 0.118752 0.844606
vn -0.521144 0.851507 0.0578287
vn -0.520057 0.376221 0.76681
vn -0.51933 0.717932 0.463541
vn -0.518266 -0.71925 0.462688
vn -0.518133 0.403479 -0.754151
vn -0.517337 0.363805 -0.774602
vn -0.516053 -0.856553 -0.00256163
vn -0.515925 0.70829 -0.481816
vn -0.51439 -0.0621066 -0.855304
vn -0.513091 -0.803512 -0.301838
vn -0.511886 -0.0517154 -0.857495
vn -0.511745 -0.850835 -0.119149
vn -0.509297 0.69273 0.510629
vn -0.507452 -0.513147 0.692223
vn -0.506662 0.113248 -0.854675
vn -0.505814 -0.769378 0.39014
vn -0.505225 -0.716276 -0.481348
vn -0.500369 0.835121 0.228479
vn -0.500262 0.666087 -0.553232
vn -0.49948 -0.866183 0.0157114
vn -0.498037 -0.85488 -0.145395
vn -0.494569 -0.673359 -0.549536
vn -0.493117 0.0909495 -0.865196
vn -0.49197 -0.867286 0.0760301
vn -0.491595 -0.135757 0.860177
vn -0.488495 -0.866716 -0.10088
vn -0.484684 -0.0678838 -0.872051
vn -0.482266 0.860494 0.164222
vn -0.481024 -0.127149 -0.867438
vn -0.477863 0.369611 -0.796891
vn -0.476808 -0.660107 -0.580442
vn -0.476807 -0.836981 0.268547
vn -0.4762 -0.253397 -0.842036
vn -0.475472 -0.665837 0.574968
vn -0.475318 -0.867233 -0.148257
vn -0.474016 -0.862526 0.177084
vn -0.470187 0.0353911 -0.881857
vn -0.468699 -0.278674 -0.838249
vn -0.462928 -0.869527 0.172104
vn -0.462554 0.533692 -0.707967
vn -0.461075 -0.88436 0.0729244
vn -0.459223 -0.279427 -0.843229
vn -0.455565 -0.652733 0.60531
vn -0.455452 -0.163351 -0.875145
vn -0.452151 0.0513873 -0.89046
vn -0.449751 -0.015199 -0.893025
vn -0.449345 -0.0363681 0.892618
vn -0.445296 -0.871739 0.204409
vn -0.443847 0.825939 0.347599
vn -0.442771 -0.60943 -0.657685
vn -0.442516 0.76862 -0.461956
vn -0.440135 0.00119113 -0.897931
vn -0.439751 -0.177761 -0.880352
vn -0.438068 -0.4623 -0.770958
vn -0.437705 -0.344365 -0.830558
vn -0.437598 -0.756061 0.486703
vn -0.432945 -0.786566 -0.440309
vn -0.430389 0.0518177 -0.901155
vn -0.429162 -0.12233 0.894905
vn -0.427709 -0.762465 0.485503
vn -0.425428 -0.328225 0.843374
vn -0.425107 -0.886266 -0.183894
vn -0.423153 0.764624 0.486099
vn -0.421262 -0.531612 -0.734797
vn -0.41896 -0.237542 -0.876382
vn -0.418951 -0.399491 -0.815407
vn -0.417556 -0.867099 0.271636
vn -0.41707 -0.784164 0.459499
vn -0.416558 0.64952 -0.636085
vn -0.416513 -0.884177 0.211537
vn -0.416069 0.488453 0.767007
vn -0.415643 0.901435 -0.121064
vn -0.413814 -0.180764 -0.892234
vn -0.41312 0.837443 0.3578
vn -0.412062 -0.461799 0.78546
vn -0.410646 -0.209814 0.887326
vn -0.409383 -0.211431 0.887526
vn -0.407137 0.681911 0.60765
vn -0.406902 -0.836655 0.366659
vn -0.406391 0.31282 0.858481
vn -0.405903 0.247951 -0.879638
vn -0.405201 0.0564855 -0.912481
vn -0.404953 0.91124 0.0752035
vn -0.403786 -0.744727 0.531355
vn -0.403367 0.0693121 -0.912409
vn -0.40119 0.877021 -0.264351
vn -0.397367 -0.913478 0.087506
vn -0.397325 0.638163 0.659455
vn -0.39539 -0.908908 0.132486
vn -0.39389 -0.81655 -0.422016
vn -0.391425 0.44803 -0.803776
vn -0.388042 0.921598 -0.00903384
vn -0.387041 -0.243992 -0.889194
vn -0.386196 -0.101667 0.916797
vn -0.384986 -0.450429 -0.805543
vn -0.38322 0.241678 0.891479
vn -0.380987 -0.358784 -0.852129
vn -0.378812 -0.850723 -0.364379
vn -0.37881 -0.748684 0.544036
vn -0.378424 -0.119992 -0.917822
vn -0.37636 0.399974 0.835688
vn -0.374441 -0.845023 0.381746
vn -0.373833 0.68534 -0.624947
vn -0.373825 -0.927321 0.0182034
vn -0.373594 -0.250132 -0.893231
vn -0.370059 -0.891482 0.261372
vn -0.369073 -0.705603 -0.604905
vn -0.368891 -0.26025 0.892295
vn -0.367407 -0.838787 0.401805
vn -0.367009 -0.182888 -0.912062
vn -0.36651 -0.371607 0.852982
vn -0.366237 -0.404742 0.837886
vn -0.365583 0.329734 -0.870416
vn -0.364749 0.246473 -0.897891
vn -0.36441 0.103661 -0.925451
vn -0.362893 0.214809 -0.906733
vn -0.360284 0.823682 0.437885
vn -0.359811 0.51385 -0.778778
vn -0.359133 0.240259 0.901831
vn -0.358412 -0.929841 0.0832869
vn -0.358257 0.71051 0.605663
vn -0.356522 -0.849936 0.387943
vn -0.355937 -0.806609 0.471902
vn -0.355902 0.129486 -0.925509
vn -0.354557 0.0955731 -0.930137
vn -0.351661 0.348258 -0.868937
vn -0.351372 -0.876542 0.328956
vn -0.347979 0.845102 0.405849
vn -0.347703 0.175577 -0.921019
vn -0.342411 0.0685388 0.937047
vn -0.337784 0.336284 -0.879099
vn -0.335003 -0.373156 0.865175
vn -0.33437 0.451117 0.82746
vn -0.334114 -0.574323 0.747343
vn -0.333745 -0.931681 -0.143472
vn -0.331103 -0.333768 -0.882593
vn -0.329722 -0.598856 0.729832
vn -0.328898 0.27038 -0.904832
vn -0.327745 -0.0658974 -0.942465
vn -0.326187 0.889937 -0.318769
vn -0.325873 -0.200881 -0.923825
vn -0.323682 0.216897 -0.92097
vn -0.321219 0.209881 -0.923454
vn -0.319926 -0.943991 0.0807932
vn -0.31961 -0.41445 0.852104
vn -0.318847 0.876329 0.361088
vn -0.317368 0.504859 0.802742
vn -0.316956 -0.946444 -0.0615047
vn -0.315059 0.532858 0.785366
vn -0.314607 0.854533 0.413274
vn -0.314487 -0.042045 -0.94833
vn -0.31447 -0.0838711 -0.945555
vn -0.311072 0.22869 -0.922461
vn -0.309648 0.631664 0.710717
vn -0.309331 0.933503 0.181347
vn -0.308957 -0.17776 0.934316
vn -0.306974 -0.273069 0.911702
vn -0.305569 -0.726637 0.615326
vn -0.305553 -0.259411 0.916157
vn -0.305372 -0.618069 0.724388
vn -0.30222 0.126373 0.944824
vn -0.301546 -0.8694 0.391425
vn -0.3011 -0.683589 0.664864
vn -0.29923 0.560306 0.772346
vn -0.299038 -0.935599 0.187699
vn -0.29874 -0.594452 0.74658
vn -0.29675 -0.952694 0.0656782
vn -0.296701 -0.917091 -0.266295
vn -0.293177 -0.760506 -0.579376
vn -0.291034 -0.361024 -0.88598
vn -0.289773 -0.677499 0.676038
vn -0.289061 -0.842435 -0.454694
vn -0.288522 0.802876 0.521676
vn -0.287738 -0.754136 -0.590327
vn -0.287602 -0.923573 0.253572
vn -0.283419 -0.936188 -0.207906
vn -0.283286 -0.41433 -0.864916
vn -0.282597 -0.332609 0.899728
vn -0.282281 0.787854 0.547361
vn -0.281829 0.8332 -0.475763
vn -0.280944 -0.264066 0.922681
vn -0.280784 0.144728 0.948796
vn -0.280536 0.923534 0.261504
vn -0.280223 -0.945808 -0.16408
vn -0.279677 -0.941315 0.188962
vn -0.279319 0.204815 0.9381
vn -0.278791 0.823634 -0.493865
vn -0.278138 0.0374891 0.959809
vn -0.277469 -0.13353 -0.95141
vn -0.277034 0.867357 0.413454
vn -0.276759 0.265315 -0.923586
vn -0.271545 -0.503415 0.820266
vn -0.268182 0.757306 0.595454
vn -0.267246 0.340315 -0.901535
vn -0.266592 0.120478 0.95625
vn -0.265994 0.437227 0.859116
vn -0.26538 -0.316012 0.910884
vn -0.26284 0.935663 0.235479
vn -0.261605 -0.469221 0.843442
vn -0.261372 0.794618 0.547966
vn -0.257871 0.615596 -0.744677
vn -0.257195 -0.377072 -0.889757
vn -0.256808 -0.958942 -0.120331
vn -0.25662 -0.878417 -0.403151
vn -0.256221 -0.257008 0.931825
vn -0.255207 -0.950728 0.17603
vn -0.254043 0.147927 -0.955814
vn -0.250572 0.53365 -0.807732
vn -0.250398 -0.113532 -0.961463
vn -0.249643 0.627542 0.737475
vn -0.24931 -0.198449 -0.947873
vn -0.24858 -0.675404 -0.69429
vn -0.248417 -0.929214 0.273588
vn -0.247583 -0.112579 0.962304
vn -0.245159 -0.857105 0.453065
vn -0.243968 0.948976 -0.199811
vn -0.243333 -0.608929 -0.75498
vn -0.241155 -0.395893 -0.886066
vn -0.240469 -0.0256368 -0.970318
vn -0.240111 0.789369 0.565016
vn -0.239466 -0.93048 0.277242
vn -0.239379 0.71757 0.654058
vn -0.236523 -0.505705 -0.82965
vn -0.235484 -0.0897187 -0.967728
vn -0.233898 -0.851105 -0.470014
vn -0.233356 0.377252 -0.896229
vn -0.233295 0.533548 0.812957
vn -0.233137 0.591546 0.771829
vn -0.232568 0.367171 0.90061
vn -0.231059 0.247481 -0.940938
vn -0.23029 0.972694 0.0288625
vn -0.226763 0.959411 0.167656
vn -0.226763 0.23276 -0.945728
vn -0.225374 0.210684 -0.951219
vn -0.22472 0.974291 -0.0160719
vn -0.224406 0.857994 0.462048
vn -0.224322 -0.93019 0.290561
vn -0.224144 0.385905 0.894895
vn -0.218398 -0.0517966 0.974484
vn -0.218382 -0.589814 -0.77745
vn -0.216991 -0.970164 -0.108156
vn -0.215809 0.705361 0.675198
vn -0.215133 0.148262 0.965265
vn -0.212753 -0.519298 0.827687
vn -0.212015 -0.977249 0.00579605
vn -0.21153 -0.0994156 0.972302
vn -0.210072 0.945523 -0.248708
vn -0.209174 0.333788 -0.919147
vn -0.209169 -0.972551 -0.101944
vn -0.202945 -0.220256 0.954097
vn -0.202231 -0.938251 0.280692
vn -0.20042 -0.187508 0.961599
vn -0.200168 0.0426779 -0.978832
vn -0.198799 -0.168858 -0.965384
vn -0.198651 0.87094 -0.449446
vn -0.198628 -0.0463664 0.978978
vn -0.198356 0.768141 -0.608781
vn -0.19824 0.0180578 -0.979987
vn -0.197771 -0.973002 0.118966
vn -0.196961 -0.063604 0.978346
vn -0.195515 -0.968789 -0.152383
vn -0.19525 0.295221 -0.935266
vn -0.194511 0.507623 0.839336
vn -0.193613 -0.0247923 0.980765
vn -0.188856 -0.199333 0.961561
vn -0.187888 -0.976525 -0.105339
vn -0.186699 0.265761 0.945788
vn -0.186356 0.751778 0.632536
vn -0.186285 -0.685871 0.703476
vn -0.184659 -0.980532 0.0667644
vn -0.184037 0.96076 -0.207534
vn -0.180586 0.955299 0.234079
vn -0.178455 -0.423181 -0.888297
vn -0.177367 -0.0975442 0.979299
vn -0.177051 -0.984199 -0.00205032
vn -0.17463 -0.708414 0.683853
vn -0.174483 -0.298196 -0.938421
vn -0.17427 -0.941733 0.287696
vn -0.173413 -0.243608 0.954245
vn -0.173339 -0.974242 0.144245
vn -0.1706 0.259102 0.950664
vn -0.169768 0.129378 0.976955
vn -0.169272 0.00406777 0.985561
vn -0.167293 0.17068 0.971021
vn -0.164525 -0.986002 0.027054
vn -0.164249 -0.969249 0.183246
vn -0.163497 0.229245 0.959539
vn -0.15928 -0.329962 0.930459
vn -0.156146 -0.195016 -0.968291
vn -0.155985 0.564067 0.810862
vn -0.155955 -0.0939057 0.98329
vn -0.155022 0.623167 0.766571
vn -0.15357 0.534122 0.831342
vn -0.152198 0.550377 0.820927
vn -0.151406 -0.269111 0.951134
vn -0.150795 -0.0589913 0.986803
vn -0.149431 -0.698612 0.699723
vn -0.148563 0.861465 0.4856
vn -0.147825 0.64532 0.749473
vn -0.146156 -0.870593 0.469794
vn -0.145033 0.157082 0.976878
vn -0.14337 -0.982996 0.114735
vn -0.143337 -0.96785 -0.20669
vn -0.142574 0.465412 -0.873536
vn -0.142172 -0.989523 0.0251233
vn -0.14166 -0.918404 0.369415
vn -0.138488 -0.185799 -0.972779
vn -0.138211 0.383133 0.913294
vn -0.137973 -0.0727799 -0.987758
vn -0.137776 0.45297 0.880815
vn -0.137536 -0.291397 -0.946663
vn -0.136374 -0.758879 0.636793
vn -0.135959 0.726432 -0.673656
vn -0.135351 0.49529 -0.858119
vn -0.135169 -0.234437 0.962688
vn -0.13424 0.558143 -0.818814
vn -0.131311 -0.521749 0.842933
vn -0.131074 0.174127 0.975961
vn -0.130875 0.430478 0.893062
vn -0.12826 0.387062 -0.91309
vn -0.126719 0.928647 0.348649
vn -0.126251 0.882342 -0.453358
vn -0.125534 0.79191 0.597594
vn -0.124835 0.672048 -0.729909
vn -0.124405 -0.362542 -0.923627
vn -0.124093 0.635059 -0.762431
vn -0.121731 -0.243781 0.96216
vn -0.121273 0.310809 0.942704
vn -0.120251 0.673312 -0.729514
vn -0.119372 -0.398247 -0.909478
vn -0.11919 0.748893 0.651884
vn -0.119118 -0.985819 -0.118202
vn -0.118313 -0.976112 0.182226
vn -0.117964 -0.351008 -0.928912
vn -0.115764 0.885041 -0.450889
vn -0.115026 0.0980047 0.988516
vn -0.114986 0.486432 0.866119
vn -0.11285 0.650545 0.751037
vn -0.112553 -0.967622 0.225921
vn -0.110937 -0.249397 0.962026
vn -0.110225 0.628068 -0.770312
vn -0.109723 -0.992556 0.0528453
vn -0.108659 0.71301 0.692683
vn -0.106195 -0.0513668 -0.993018
vn -0.104839 0.870368 0.481111
vn -0.102726 -0.973179 0.20584
vn -0.102395 -0.311273 -0.944788
vn -0.101239 -0.713444 0.693359
vn -0.101209 -0.477784 -0.872628
vn -0.0998672 0.0535625 -0.993558
vn -0.0993971 -0.96133 -0.256837
vn -0.0978179 0.514751 -0.851741
vn -0.0969353 0.945017 0.312324
vn -0.0966719 0.659504 -0.745459
vn -0.0930121 0.21301 0.972613
vn -0.0927987 -0.955644 0.279524
vn -0.0924642 0.628916 0.771955
vn -0.0912298 0.356359 0.929885
vn -0.0901671 0.975922 0.19861
vn -0.0900512 0.227051 0.969711
vn -0.0897499 -0.276179 -0.956906
vn -0.0887609 -0.211244 0.973395
vn -0.088623 -0.996049 -0.00565998
vn -0.088498 -0.841557 -0.53287
vn -0.0878195 -0.995296 0.0409218
vn -0.0878122 0.994214 0.0618703
vn -0.0875331 0.728891 0.679011
vn -0.087077 0.401189 0.911847
vn -0.0855315 -0.817481 0.56957
vn -0.0853374 0.566201 0.819838
vn -0.0846637 0.739161 -0.668186
vn -0.0842476 0.322638 -0.942765
vn -0.0841512 0.243051 -0.966356
vn -0.0830896 0.735682 0.672211
vn -0.082762 -0.23791 0.967755
vn -0.0827114 0.595576 -0.79903
vn -0.0822435 -0.219234 0.9722
vn -0.0816059 0.178021 0.980637
vn -0.0815514 0.420259 -0.903732
vn -0.080887 0.91524 -0.394707
vn -0.0806967 -0.993246 0.0833638
vn -0.0806815 -0.840209 0.536227
vn -0.0806536 -0.552974 -0.829286
vn -0.0805963 -0.616165 0.783482
vn -0.0802773 0.371767 -0.924848
vn -0.0802756 0.531885 0.843003
vn -0.0790692 0.561586 -0.823632
vn -0.0789471 -0.803715 0.589754
vn -0.0786376 -0.291617 -0.953297
vn -0.0785603 0.903866 0.420541
vn -0.078375 -0.0456115 0.99588
vn -0.0782425 -0.514868 -0.853692
vn -0.0773471 0.146239 0.986221
vn -0.0771441 0.989548 0.121838
vn -0.0759794 0.99065 0.113316
vn -0.0745567 0.366507 0.927423
vn -0.0744207 -0.546704 -0.834012
vn -0.0742911 -0.993437 -0.086974
vn -0.0740785 -0.974538 -0.211631
vn -0.0738316 0.632633 0.770925
vn -0.0736693 0.265995 0.961155
vn -0.0719917 -0.997404 0.00183467
vn -0.0715593 -0.397316 -0.914887
vn -0.0705616 0.935103 0.34728
vn -0.0702532 0.995317 -0.0664005
vn -0.0699653 -0.997545 0.00287391
vn -0.0690464 -0.497842 0.864515
vn -0.0689945 0.242823 0.967614
vn -0.0688199 -0.304803 -0.949926
vn -0.0687825 0.898275 -0.434017
vn -0.0686871 -0.772592 0.631176
vn -0.0665914 -0.0434934 -0.996832
vn -0.0660185 -0.405361 -0.91177
vn -0.0645726 -0.941307 0.331317
vn -0.0620892 -0.698766 -0.71265
vn -0.0604103 0.411325 0.909484
vn -0.0600368 -0.992906 0.102633
vn -0.059672 0.641223 -0.765031
vn -0.0583891 0.459675 0.886165
vn -0.0573043 -0.472041 -0.879712
vn -0.0559165 0.419498 0.906032
vn -0.0559073 0.0340595 0.997855
vn -0.0553496 -0.641312 0.765281
vn -0.05464 -0.995076 -0.0826962
vn -0.0544696 -0.995609 -0.0761319
vn -0.0534537 -0.00326001 -0.998565
vn -0.0529288 0.0978762 -0.99379
vn -0.0519991 -0.998142 0.031746
vn -0.0504178 -0.955089 0.291998
vn -0.0499746 0.874925 -0.481674
vn -0.0499519 0.157177 -0.986306
vn -0.0498383 -0.958514 0.280655
vn -0.0491191 0.744941 0.665319
vn -0.0482127 0.651345 0.757249
vn -0.0475405 -0.403138 0.913903
vn -0.047479 -0.49327 0.86858
vn -0.0472936 0.563562 -0.824719
vn -0.0462444 0.0216989 -0.998694
vn -0.0460202 -0.996249 -0.0732863
vn -0.0454112 -0.617589 0.785189
vn -0.0446811 -0.936218 0.348569
vn -0.0429651 -0.151597 0.987508
vn -0.0416174 -0.261015 0.964437
vn -0.040743 0.432767 0.900585
vn -0.0406511 -0.998914 -0.0227676
vn -0.0394833 0.00177115 0.999219
vn -0.0389078 -0.619798 -0.783797
vn -0.0378141 -0.465757 -0.884104
vn -0.0378126 0.485532 -0.873401
vn -0.0370189 0.277483 -0.960017
vn -0.0360851 0.784279 -0.619358
vn -0.0354404 0.344656 0.93806
vn -0.0345332 -0.990429 0.13363
vn -0.0337136 0.984395 0.172712
vn -0.0330649 -0.0126252 0.999373
vn -0.0330295 0.914333 0.403615
vn -0.0315334 -0.991029 -0.129871
vn -0.0311584 0.276276 -0.960573
vn -0.0307606 -0.200419 0.979227
vn -0.0297451 0.517625 0.85509
vn -0.028635 -0.589123 0.807536
vn -0.0279399 0.319564 -0.947153
vn -0.0276216 -0.819317 0.572674
vn -0.0272173 0.428836 -0.902972
vn -0.0253608 0.820367 0.571274
vn -0.0239203 -0.952366 0.304018
vn -0.022897 0.410953 0.911369
vn -0.0226164 -0.953636 0.30011
vn -0.0212463 -0.0351364 0.999157
vn -0.0212354 0.724301 -0.689157
vn -0.0206971 -0.219842 -0.975316
vn -0.0204581 0.154417 0.987794
vn -0.0201669 -0.977425 0.21032
vn -0.0199975 0.630581 -0.775866
vn -0.0197806 -0.999737 -0.0115844
vn -0.0196854 0.633071 0.773844
vn -0.0194253 0.188437 -0.981893
vn -0.0190615 0.734218 -0.678646
vn -0.0188137 -0.142846 0.989566
vn -0.0179172 -0.0315668 -0.999341
vn -0.017282 0.492836 0.869951
vn -0.016833 0.997984 0.0611995
vn -0.0166935 -0.996578 -0.0809555
vn -0.0166581 -0.184174 -0.982752
vn -0.0145276 0.997504 -0.0690932
vn -0.0142704 0.340867 -0.940003
vn -0.0142432 0.414878 -0.909766
vn -0.0139205 -0.99857 0.0516113
vn -0.013911 0.0568708 -0.998285
vn -0.0131383 0.22658 -0.973904
vn -0.0129432 0.59317 -0.804973
vn -0.0125064 0.112655 -0.993555
vn -0.0116369 -0.999882 0.0100446
vn -0.0115418 0.805607 0.592338
vn -0.0108588 0.767835 -0.640555
vn -0.00965117 0.550095 0.835047
vn -0.00943135 -0.985575 0.168977
vn -0.00867471 0.57888 -0.815366
vn -0.00776009 -0.604835 0.796313
vn -0.00674633 0.0272951 0.999605
vn -0.00587564 -0.984573 0.174875
vn -0.00546161 0.22821 0.973597
vn -0.00416834 0.940904 -0.338648
vn -0.00396747 -0.06675 -0.997762
vn -0.00390915 0.62572 -0.780038
vn -0.00366858 -0.987728 0.156138
vn -0.00346962 -0.9994 -0.0344498
vn -0.00281205 0.358076 -0.933688
vn -0.00195268 -0.999875 0.01566
vn -0.00183161 -0.999768 0.0214495
vn -0.00135928 0.903763 0.428032
vn -0.00132136 -0.332367 -0.943149
vn -0.00121132 0.0977938 0.995206
vn -0.000994842 -0.999567 -0.0294205
vn -0.000921269 -0.957985 -0.286817
vn -0.00015428 0.442269 0.896882
vn 0.000689006 -0.999944 0.0105811
vn 0.000830885 -0.999978 0.00664585
vn 0.00128703 -0.931084 0.364802
vn 0.00152861 -0.999409 0.0343361
vn 0.00213775 0.33758 -0.941295
vn 0.0038049 -0.994363 0.105959
vn 0.00526775 -0.999917 -0.0117428
vn 0.00561918 -0.997053 -0.0765147
vn 0.00581925 -0.997591 -0.0691303
vn 0.00596739 0.518153 0.855267
vn 0.00672635 0.691562 0.722285
vn 0.00677517 -0.999798 0.018931
vn 0.00691499 0.237736 -0.971305
vn 0.00829931 -0.999963 0.00229243
vn 0.00850395 -0.142827 0.989711
vn 0.00854369 0.763991 -0.64517
vn 0.00875315 -0.329722 0.944037
vn 0.00900068 -0.169869 0.985425
vn 0.00901474 -0.999879 0.0127203
vn 0.00964658 0.216435 -0.976249
vn 0.0099076 -0.996873 0.0783987
vn 0.0102835 0.21643 -0.976244
vn 0.0113688 0.780504 -0.625048
vn 0.0124524 0.627685 0.778368
vn 0.0125627 -0.999697 -0.0211559
vn 0.01324 -0.996632 0.080925
vn 0.0136464 0.219226 0.975579
vn 0.0142835 -0.999787 -0.01491
vn 0.0144328 -0.99972 -0.0187474
vn 0.0151346 -0.0704146 0.997403
vn 0.0153578 -0.996664 0.0801561
vn 0.0173623 0.90287 0.429564
vn 0.0180414 0.274575 0.961397
vn 0.0182266 0.944641 0.327599
vn 0.0184985 0.145998 -0.989112
vn 0.0192411 -0.997692 0.0651223
vn 0.0196522 -0.99662 0.0797619
vn 0.0219068 -0.99975 0.00440443
vn 0.0228291 -0.425196 -0.904813
vn 0.0243374 -0.996917 0.0745882
vn 0.0244724 -0.788171 -0.614969
vn 0.0244908 0.794657 0.606564
vn 0.0245301 -0.995414 0.0924669
vn 0.024754 0.491019 -0.870797
vn 0.0248204 -0.996086 0.0848294
vn 0.0251566 -0.999411 0.0233437
vn 0.0253049 -0.996456 0.0802131
vn 0.0257372 -0.9996 0.011727
vn 0.0260154 0.558366 -0.829187
vn 0.0262864 -0.99531 0.0930918
vn 0.0265658 0.487824 -0.872538
vn 0.0267144 -0.999447 -0.0198203
vn 0.0268052 -0.996409 0.0803171
vn 0.0275992 -0.997591 0.0636415
vn 0.0283666 -0.992169 0.12164
vn 0.0290742 -0.999495 -0.0128174
vn 0.0299772 -0.996746 0.074824
vn 0.0306703 0.619139 0.784682
vn 0.0307173 0.651714 -0.757842
vn 0.0308413 -0.997716 -0.0600936
vn 0.0323447 -0.175558 -0.983938
vn 0.0327085 -0.999449 0.00562618
vn 0.0335259 0.384968 -0.922321
vn 0.0341635 -0.999363 -0.0103291
vn 0.0346332 0.371593 0.927749
vn 0.0355586 0.170304 0.98475
vn 0.0361911 -0.998848 -0.0315073
vn 0.0363942 0.0751278 0.99651
vn 0.0382612 0.762571 0.645772
vn 0.038788 0.415799 0.908629
vn 0.0388336 -0.571665 0.819568
vn 0.0394421 0.268584 0.962449
vn 0.0397774 -0.996491 0.0736451
vn 0.0403302 -0.303909 -0.951847
vn 0.0414441 -0.544327 -0.837848
vn 0.0421659 -0.973171 -0.226185
vn 0.0422125 0.193629 0.980166
vn 0.0422836 -0.119455 0.991939
vn 0.0426509 -0.993586 0.104724
vn 0.043234 0.998585 -0.030959
vn 0.0451665 -0.226408 0.972985
vn 0.0452028 0.953948 0.296545
vn 0.0456364 0.527827 0.848125
vn 0.0457523 -0.998884 0.0117488
vn 0.0466089 -0.996474 0.0697643
vn 0.0469782 -0.99441 -0.0945623
vn 0.0494444 -0.594533 -0.80255
vn 0.0494834 -0.99212 -0.115103
vn 0.0499312 -0.998553 0.0199655
vn 0.0501187 -0.256901 0.965137
vn 0.0525128 0.394867 0.917237
vn 0.052932 -0.218686 0.974359
vn 0.0533646 0.159454 0.985762
vn 0.0541489 0.355042 0.933281
vn 0.0558618 0.463381 0.884397
vn 0.0560368 0.583631 0.810083
vn 0.0564956 -0.892215 0.448063
vn 0.0570361 -0.225126 0.972659
vn 0.0573595 0.868165 -0.49295
vn 0.0586323 -0.179111 0.98208
vn 0.0609321 -0.364851 -0.92907
vn 0.0623928 0.78929 0.610842
vn 0.0626948 -0.202226 0.97733
vn 0.0633572 0.155013 -0.985879
vn 0.063443 -0.958304 -0.278621
vn 0.0637365 -0.997654 0.024982
vn 0.0643542 0.975161 -0.211944
vn 0.0647308 0.364229 -0.929057
vn 0.0647957 0.574863 0.81568
vn 0.0653816 -0.758472 0.648418
vn 0.0669131 0.864576 0.498027
vn 0.0669683 0.806201 0.587839
vn 0.0675149 0.98251 0.173539
vn 0.0681282 -0.831034 0.552033
vn 0.0682328 0.988232 0.136903
vn 0.0689906 0.470216 0.879851
vn 0.0691535 -0.970867 0.229423
vn 0.0693355 0.568436 -0.8198
vn 0.0696082 0.803494 -0.591229
vn 0.0710985 -0.974558 -0.212559
vn 0.0711164 -0.241271 0.967848
vn 0.0713727 -0.981587 0.177182
vn 0.0721524 -0.730027 -0.679599
vn 0.0725712 -0.958269 0.276504
vn 0.0726198 -0.318043 0.945291
vn 0.0733247 -0.32153 -0.944056
vn 0.0749044 -0.828986 -0.554231
vn 0.0755337 0.596586 -0.798986
vn 0.075662 0.886863 0.455795
vn 0.0758174 -0.995876 -0.0498257
vn 0.0769734 0.104904 0.991499
vn 0.0781123 -0.30347 0.949634
vn 0.0786389 0.777134 0.624402
vn 0.0802569 0.760029 0.644915
vn 0.0805314 -0.996158 0.0343931
vn 0.0807591 -0.58651 0.805906
vn 0.0814717 -0.890409 -0.447811
vn 0.0816965 -0.0334122 -0.996097
vn 0.0840482 -0.571481 -0.8163
vn 0.0852296 -0.996314 0.00975128
vn 0.0853367 -0.966642 0.241495
vn 0.0860604 -0.192311 0.977553
vn 0.0864471 -0.48026 -0.872856
vn 0.0865368 0.0219462 -0.996007
vn 0.0874195 0.354508 0.930957
vn 0.0874787 -0.989088 -0.11854
vn 0.0877429 -0.960816 -0.262934
vn 0.0883799 -0.922626 0.375433
vn 0.0889015 -0.938367 -0.334013
vn 0.0899565 0.901632 0.423046
vn 0.0903027 -0.995623 -0.0240935
vn 0.0924105 -0.246721 0.964671
vn 0.0938985 -0.972558 0.212873
vn 0.0946398 -0.892356 0.441298
vn 0.0958155 0.127886 0.98715
vn 0.0969111 -0.0158261 0.995167
vn 0.0976165 -0.0370361 -0.994535
vn 0.0985612 -0.698609 0.708682
vn 0.0995822 -0.265361 0.958993
vn 0.103578 -0.898831 -0.425882
vn 0.103754 -0.131027 -0.985934
vn 0.104125 -0.0595988 -0.992777
vn 0.104696 0.457881 -0.882827
vn 0.105316 0.625104 0.773404
vn 0.105885 -0.994252 -0.0158585
vn 0.107934 -0.205835 -0.972616
vn 0.108625 -0.219732 -0.969494
vn 0.111074 -0.660877 -0.742229
vn 0.111626 0.99225 0.0545909
vn 0.111778 -0.993601 0.016231
vn 0.113029 -0.750741 -0.650856
vn 0.11416 -0.167393 -0.979259
vn 0.114364 0.300151 -0.947011
vn 0.114923 -0.266158 -0.957054
vn 0.115711 0.126057 -0.985252
vn 0.115909 -0.954515 0.274713
vn 0.116005 0.394204 0.911672
vn 0.117194 -0.313058 0.942476
vn 0.11725 0.202948 0.972144
vn 0.118376 -0.990157 -0.0746805
vn 0.118472 -0.160284 -0.979935
vn 0.119732 0.300311 0.946297
vn 0.121436 -0.987707 -0.0984277
vn 0.122046 -0.498071 -0.858505
vn 0.12349 0.0179777 0.992183
vn 0.123637 0.538952 -0.833213
vn 0.124208 -0.0905026 0.98812
vn 0.125061 -0.991714 -0.0293624
vn 0.126689 -0.197374 -0.972108
vn 0.127219 -0.991042 0.0406392
vn 0.127257 0.630169 0.765958
vn 0.128692 -0.591754 -0.79578
vn 0.129627 -0.765447 -0.630308
vn 0.129942 -0.940559 -0.31379
vn 0.130162 -0.510947 -0.849701
vn 0.131044 0.503244 -0.85415
vn 0.131113 0.361454 0.923126
vn 0.131127 0.842229 -0.52293
vn 0.132165 0.928082 0.348133
vn 0.133774 0.982847 -0.126953
vn 0.134927 -0.951137 0.27773
vn 0.136024 0.296487 0.945301
vn 0.137355 -0.148239 -0.979366
vn 0.138107 -0.40739 -0.902751
vn 0.138168 0.78936 -0.598181
vn 0.139302 -0.98811 0.0650711
vn 0.139985 -0.0867746 -0.986344
vn 0.140388 0.0539768 0.988624
vn 0.141339 -0.36326 -0.920904
vn 0.143425 -0.985969 -0.0854061
vn 0.143485 0.527939 0.837074
vn 0.146549 0.578685 0.802276
vn 0.147827 0.399269 -0.904838
vn 0.148491 -0.264742 -0.952818
vn 0.149871 -0.112154 -0.982324
vn 0.15045 0.539334 0.828543
vn 0.150463 -0.98726 -0.0517633
vn 0.151204 -0.336419 -0.929494
vn 0.151696 -0.922458 -0.355048
vn 0.152752 0.31692 -0.936071
vn 0.155368 0.0930479 -0.983465
vn 0.155708 0.010314 0.987749
vn 0.156441 0.813676 0.559873
vn 0.156711 -0.228614 -0.960821
vn 0.157467 0.856307 0.491876
vn 0.157597 0.232553 0.95973
vn 0.157914 -0.00705401 0.987428
vn 0.159187 0.688234 0.707809
vn 0.160785 -0.157063 0.974412
vn 0.162565 0.795619 0.583578
vn 0.162943 0.498749 0.851292
vn 0.163627 -0.984977 0.0551998
vn 0.163995 -0.257866 -0.952161
vn 0.164406 -0.945871 0.279819
vn 0.165241 -0.876656 0.451851
vn 0.165841 0.710027 0.684367
vn 0.166213 0.586938 -0.792387
vn 0.166507 0.181258 -0.969237
vn 0.167094 0.592487 0.78806
vn 0.168514 0.802578 -0.572251
vn 0.168698 0.909823 -0.37916
vn 0.168803 0.341024 0.924775
vn 0.168895 -0.975794 -0.138926
vn 0.168938 -0.0172439 0.985476
vn 0.169937 -0.702029 0.691575
vn 0.170943 0.463772 -0.869307
vn 0.171375 0.381591 0.908306
vn 0.172257 0.964213 -0.201547
vn 0.17311 -0.981711 0.0792263
vn 0.173396 0.269749 -0.94719
vn 0.173437 0.747242 -0.641521
vn 0.173706 -0.918442 0.355375
vn 0.17414 -0.438228 0.881834
vn 0.17465 0.0516569 0.983275
vn 0.174695 -0.983189 0.0531174
vn 0.174954 0.15856 -0.971725
vn 0.175394 -0.403 -0.898236
vn 0.175897 0.523069 0.833942
vn 0.176969 -0.117612 -0.977164
vn 0.178465 0.922069 0.343423
vn 0.179207 -0.317962 -0.931013
vn 0.179977 -0.295734 0.938163
vn 0.180414 0.350915 0.918863
vn 0.181572 0.657888 -0.7309
vn 0.182157 -0.0801874 0.979994
vn 0.183074 -0.98293 0.0182619
vn 0.183268 -0.535512 -0.824403
vn 0.184026 0.705051 -0.684863
vn 0.185572 0.415568 0.89043
vn 0.187666 0.410652 0.89227
vn 0.188139 0.838114 -0.512024
vn 0.188457 -0.604401 0.774069
vn 0.191056 -0.954471 -0.229093
vn 0.191804 0.0472808 0.980294
vn 0.193706 -0.457663 0.867769
vn 0.194329 0.424601 -0.884279
vn 0.194723 -0.540894 0.81824
vn 0.195333 -0.966662 -0.165561
vn 0.195755 0.515805 0.834041
vn 0.196263 -0.168271 -0.966005
vn 0.196456 0.953899 0.226897
vn 0.196515 -0.168382 -0.965935
vn 0.197149 -0.701521 0.684836
vn 0.19797 -0.228465 -0.953211
vn 0.198883 -0.0100118 -0.979972
vn 0.199509 -0.0295801 0.97945
vn 0.199784 0.91958 0.338319
vn 0.201508 0.118785 -0.972257
vn 0.202555 0.464223 0.862246
vn 0.202692 -0.523888 0.827319
vn 0.203848 -0.601733 -0.772246
vn 0.205032 -0.560066 0.802676
vn 0.205493 0.264612 -0.942207
vn 0.206643 -0.344765 -0.915662
vn 0.208583 -0.102087 -0.972662
vn 0.21001 -0.121208 -0.970157
vn 0.21121 -0.934669 -0.285979
vn 0.213988 0.361828 0.907353
vn 0.214261 -0.0351659 0.976143
vn 0.214625 -0.970799 -0.107168
vn 0.216561 0.0483723 0.97507
vn 0.216936 0.513481 -0.830227
vn 0.217524 -0.264874 -0.939428
vn 0.218393 0.751696 -0.622301
vn 0.219672 -0.970283 0.101463
vn 0.222231 0.68365 -0.695152
vn 0.222758 -0.495405 -0.839615
vn 0.223413 -0.205431 -0.95283
vn 0.223962 0.393711 0.891534
vn 0.224932 0.589734 0.775641
vn 0.225145 0.510938 0.82961
vn 0.225407 -0.253252 -0.940774
vn 0.225691 0.685767 0.691944
vn 0.226392 0.918902 -0.323058
vn 0.227657 -0.516221 0.825644
vn 0.228206 -0.492014 0.840145
vn 0.228605 -0.747853 -0.623262
vn 0.229559 0.260508 0.937783
vn 0.229723 -0.492643 -0.839363
vn 0.230652 -0.220543 0.947713
vn 0.231125 0.0306199 0.972442
vn 0.232305 0.812862 -0.534125
vn 0.234183 0.929823 -0.283879
vn 0.23563 -0.939853 0.247296
vn 0.237495 0.493723 -0.83656
vn 0.238645 -0.062262 0.969109
vn 0.239763 0.114829 0.964016
vn 0.240516 0.571273 -0.784729
vn 0.24086 -0.301932 -0.922401
vn 0.241419 -0.813409 -0.529229
vn 0.241682 -0.454477 0.857345
vn 0.241816 -0.969175 -0.0471693
vn 0.242878 0.379858 0.892591
vn 0.243887 -0.0876769 -0.965832
vn 0.246671 -0.968924 -0.0184389
vn 0.24736 -0.136096 -0.959318
vn 0.248555 -0.95178 -0.179819
vn 0.249142 0.910666 0.329569
vn 0.249231 -0.22244 -0.942552
vn 0.253377 -0.90336 -0.346036
vn 0.256246 -0.362639 0.896008
vn 0.257046 -0.159412 -0.953161
vn 0.257944 0.381425 -0.887682
vn 0.258256 0.947623 0.187922
vn 0.258293 0.66797 0.697927
vn 0.259527 -0.964079 0.056552
vn 0.259834 0.267607 0.927832
vn 0.260165 -0.0653428 -0.963351
vn 0.260479 -0.837905 0.479653
vn 0.260975 0.963163 0.0648732
vn 0.261497 -0.124976 0.957079
vn 0.261873 -0.036474 0.964413
vn 0.262188 -0.123882 0.957032
vn 0.264836 0.647019 0.715002
vn 0.265058 -0.963784 0.0293904
vn 0.265355 -0.204861 -0.942135
vn 0.266293 0.404917 0.874717
vn 0.266995 0.480571 -0.835323
vn 0.26739 0.960118 0.0817113
vn 0.26745 -0.944482 0.190853
vn 0.268692 -0.120115 -0.955708
vn 0.269862 0.242365 -0.931898
vn 0.27074 0.790887 -0.548815
vn 0.271626 0.697955 0.66263
vn 0.273227 0.327406 -0.904518
vn 0.274025 -0.133267 -0.952444
vn 0.274113 0.568219 -0.77588
vn 0.276091 0.0982027 0.956101
vn 0.276803 -0.159373 -0.947618
vn 0.276928 0.916596 0.288378
vn 0.277012 -0.505821 -0.816951
vn 0.277498 -0.925443 0.257972
vn 0.277501 0.298814 0.913073
vn 0.277522 -0.7545 0.594736
vn 0.277528 -0.0389362 0.959928
vn 0.277964 0.587375 0.760084
vn 0.281021 -0.403894 -0.870573
vn 0.282119 0.395297 0.874156
vn 0.28307 0.243846 -0.927583
vn 0.286517 0.952724 -0.101118
vn 0.287053 0.925497 -0.247097
vn 0.287957 0.252172 -0.923845
vn 0.289608 -0.231812 0.92865
vn 0.289829 0.0450695 0.956017
vn 0.290649 -0.148554 0.945228
vn 0.290879 -0.652606 -0.699639
vn 0.291728 -0.934327 0.204762
vn 0.29328 0.689728 -0.662014
vn 0.293611 0.125234 0.947686
vn 0.294122 -0.473846 0.830038
vn 0.294475 -0.808375 0.509719
vn 0.295617 -0.0957539 -0.950495
vn 0.295835 -0.949618 0.103471
vn 0.296946 0.826887 0.477578
vn 0.298199 -0.305071 0.904438
vn 0.298811 -0.802834 0.515917
vn 0.300566 -0.450682 -0.840562
vn 0.301019 -0.419971 -0.856161
vn 0.302049 -0.172321 -0.937588
vn 0.302145 -0.325354 -0.89602
vn 0.302388 0.725725 -0.617967
vn 0.302582 -0.891067 -0.338296
vn 0.302724 -0.0254601 0.952738
vn 0.303559 -0.0627805 -0.950742
vn 0.305527 -0.104202 -0.946465
vn 0.305635 0.314824 -0.898595
vn 0.307279 0.318922 0.896587
vn 0.307584 0.229514 -0.923426
vn 0.308726 0.520742 0.795937
vn 0.309883 0.945194 0.102861
vn 0.309895 -0.306771 0.89992
vn 0.309904 0.0502811 0.949437
vn 0.313269 0.929929 -0.192599
vn 0.314864 0.0550588 -0.947538
vn 0.318513 -0.297696 0.899959
vn 0.319172 -0.191515 -0.928144
vn 0.319284 -0.204858 0.925252
vn 0.319968 -0.316237 -0.893093
vn 0.320539 -0.554045 0.768303
vn 0.320684 0.0806188 -0.943749
vn 0.321903 0.0899241 0.942493
vn 0.323567 -0.210932 0.922395
vn 0.323857 -0.465622 -0.823597
vn 0.324264 -0.945333 0.0346021
vn 0.328256 0.00979215 0.944538
vn 0.329524 0.289173 0.898773
vn 0.329688 0.409945 -0.850442
vn 0.330209 0.752543 -0.569773
vn 0.331188 0.539544 0.774085
vn 0.331489 0.65628 0.677799
vn 0.331548 -0.937782 0.103152
vn 0.335669 0.588015 -0.735911
vn 0.336321 0.33358 0.880689
vn 0.337182 -0.892853 0.298532
vn 0.340598 0.726542 0.596766
vn 0.342477 0.196869 0.918669
vn 0.342574 -0.0362673 -0.938791
vn 0.343566 -0.679929 -0.647811
vn 0.344397 0.110005 -0.932357
vn 0.344615 0.800431 -0.490461
vn 0.344701 0.00121452 -0.938712
vn 0.348119 0.0254816 0.937104
vn 0.348519 0.441038 0.827055
vn 0.351168 0.824696 0.443348
vn 0.351966 0.848349 0.395505
vn 0.353305 -0.915852 0.190764
vn 0.354209 -0.243344 0.902951
vn 0.355594 0.16779 -0.919456
vn 0.35989 -0.844003 -0.397666
vn 0.36064 -0.0844682 0.928872
vn 0.365369 0.180183 0.913257
vn 0.366917 -0.923259 0.113862
vn 0.36936 -0.890652 -0.265166
vn 0.370401 0.281223 0.885278
vn 0.370503 -0.181136 -0.910998
vn 0.371643 -0.143649 0.917195
vn 0.371675 0.483092 -0.792767
vn 0.372609 -0.257979 0.891409
vn 0.373654 0.322158 0.869826
vn 0.377308 0.597735 0.707355
vn 0.378097 -0.280132 0.882365
vn 0.379959 -0.641263 -0.666643
vn 0.381449 -0.11874 0.916732
vn 0.383339 -0.362152 -0.849645
vn 0.384085 0.203425 0.900609
vn 0.386638 0.237611 0.891096
vn 0.386833 0.521044 0.760837
vn 0.387305 0.810621 0.43919
vn 0.390552 0.351282 0.850923
vn 0.393276 0.918227 -0.0468437
vn 0.393899 -0.91905 0.013836
vn 0.395453 0.571226 -0.719248
vn 0.395546 0.719533 0.570803
vn 0.397482 -0.887428 -0.233408
vn 0.398404 -0.868047 -0.296257
vn 0.398404 0.799428 0.449655
vn 0.399901 -0.794693 0.456664
vn 0.400667 -0.912222 0.085544
vn 0.400812 0.497181 -0.76952
vn 0.4033 -0.730242 -0.551448
vn 0.404806 0.841688 0.357342
vn 0.405293 0.214206 0.888737
vn 0.407035 -0.0762165 0.910227
vn 0.407492 0.329159 0.851824
vn 0.409442 0.0883355 -0.90805
vn 0.409557 -0.492779 -0.767745
vn 0.409874 0.488737 0.770156
vn 0.412744 0.345424 0.842808
vn 0.413054 -0.887275 -0.205256
vn 0.413494 -0.548541 0.726722
vn 0.415073 0.839695 -0.350182
vn 0.415725 0.478939 -0.773169
vn 0.416141 0.894242 0.164796
vn 0.416228 -0.866939 -0.274172
vn 0.416923 0.0763862 0.905726
vn 0.417907 0.0796636 -0.90499
vn 0.419834 -0.786431 -0.453062
vn 0.420329 0.0599218 -0.905391
vn 0.42355 -0.216242 0.879684
vn 0.425049 -0.899396 0.102073
vn 0.430163 0.327926 0.841085
vn 0.430531 0.296561 -0.852464
vn 0.430566 0.04768 -0.901299
vn 0.430673 0.617309 0.658369
vn 0.43078 0.553867 0.712502
vn 0.431165 -0.400034 0.808746
vn 0.431431 0.137531 0.891601
vn 0.431533 -0.868561 0.243685
vn 0.434281 -0.147087 0.888687
vn 0.434378 0.187048 -0.881095
vn 0.435405 -0.443971 -0.783142
vn 0.435576 -0.157685 0.886233
vn 0.435814 -0.204443 0.876509
vn 0.436371 0.447228 0.780748
vn 0.436693 0.498716 -0.74872
vn 0.437029 -0.486928 0.756245
vn 0.441462 0.38372 0.811092
vn 0.444733 -0.494777 0.746598
vn 0.446025 0.489587 0.749243
vn 0.446497 0.550127 -0.705692
vn 0.447662 0.844939 0.292707
vn 0.450062 0.120738 -0.884798
vn 0.450522 -0.865063 -0.220669
vn 0.451271 -0.774455 0.443367
vn 0.451635 0.290641 0.843536
vn 0.453117 -0.472394 0.755996
vn 0.454844 0.739585 -0.496116
vn 0.45693 0.567768 0.684729
vn 0.457458 0.393729 0.797314
vn 0.457563 -0.214268 0.862975
vn 0.458449 0.849837 -0.260002
vn 0.460538 0.84201 0.280933
vn 0.461347 0.24901 0.851559
vn 0.462139 -0.875314 0.142315
vn 0.463675 0.538429 0.703633
vn 0.464312 0.42222 -0.778553
vn 0.464407 -0.177515 0.867649
vn 0.464541 -0.885457 -0.0129444
vn 0.46616 0.206052 -0.86037
vn 0.467646 -0.864258 -0.185379
vn 0.469434 0.358677 0.806835
vn 0.4708 -0.1098 0.875381
vn 0.471275 0.074316 -0.87885
vn 0.471602 0.460893 0.751777
vn 0.471918 0.840045 0.267613
vn 0.473492 0.513223 -0.715826
vn 0.474093 -0.597114 -0.647063
vn 0.475489 0.62787 0.61619
vn 0.477121 0.146673 -0.866512
vn 0.47797 -0.844412 -0.241893
vn 0.480174 -0.856689 -0.18846
vn 0.481808 0.395621 -0.781885
vn 0.482254 -0.846728 0.224686
vn 0.486075 -0.422868 -0.764796
vn 0.486189 -0.78223 -0.389534
vn 0.487829 0.335891 -0.80573
vn 0.488116 0.0359674 -0.872038
vn 0.493046 -0.836014 0.240803
vn 0.493559 0.843678 0.211205
vn 0.494203 0.333903 0.802666
vn 0.494277 -0.698131 0.51798
vn 0.495568 0.601845 -0.626254
vn 0.496253 -0.742076 0.450617
vn 0.498241 0.787674 -0.362389
vn 0.50123 0.817796 -0.282803
vn 0.501259 0.762159 0.409698
vn 0.501921 0.0964665 0.859517
vn 0.503144 -0.233732 0.831995
vn 0.503402 -0.616846 -0.605051
vn 0.504337 0.42851 0.749682
vn 0.506225 0.130568 -0.85246
vn 0.506462 -0.143999 0.850153
vn 0.509452 -0.0182537 -0.860306
vn 0.510425 -0.708651 0.487113
vn 0.510539 0.0972732 -0.854335
vn 0.513516 0.170889 0.840891
vn 0.513899 0.465271 0.720716
vn 0.514414 -0.663988 0.542677
vn 0.514496 0.383435 0.766988
vn 0.515395 0.301051 -0.802332
vn 0.515516 0.763232 0.389513
vn 0.517654 0.317014 0.794693
vn 0.52146 0.84422 0.123984
vn 0.523605 0.691214 0.498057
vn 0.524085 0.280465 0.804161
vn 0.526188 0.831387 -0.178666
vn 0.527744 -0.586275 0.614628
vn 0.529255 -0.140137 0.83681
vn 0.529532 -0.146797 -0.835492
vn 0.529645 -0.0993027 0.842387
vn 0.530065 0.0269174 -0.84753
vn 0.530572 -0.177521 0.828842
vn 0.531218 0.296748 -0.793567
vn 0.533642 -0.522983 0.664617
vn 0.534872 0.0546253 -0.843166
vn 0.535986 -0.0690553 0.841398
vn 0.536295 -0.783142 -0.314762
vn 0.5374 -0.264764 0.800688
vn 0.537944 0.00319114 0.842974
vn 0.538998 -0.0509513 0.840765
vn 0.539733 0.834798 -0.10863
vn 0.541226 -0.819768 0.187229
vn 0.542181 -0.736082 0.405244
vn 0.543256 0.429546 -0.721362
vn 0.543341 -0.349086 0.763491
vn 0.546586 -0.730885 -0.408719
vn 0.547686 0.833076 0.0776134
vn 0.547972 0.549433 -0.630754
vn 0.548134 0.223516 0.805971
vn 0.548482 -0.622004 -0.55882
vn 0.548664 0.68823 0.474666
vn 0.549652 -0.260868 0.793619
vn 0.550068 0.183141 -0.814791
vn 0.550924 -0.732586 0.399751
vn 0.551315 -0.4485 -0.703491
vn 0.551431 0.043405 0.833091
vn 0.553868 -0.573622 -0.60348
vn 0.558833 0.323711 -0.76349
vn 0.558975 -0.0843366 0.824884
vn 0.559246 0.276113 -0.781668
vn 0.559355 0.0642392 -0.826436
vn 0.564016 0.316323 -0.762775
vn 0.567184 -0.297309 0.768056
vn 0.567584 -0.00990203 -0.823256
vn 0.56805 -0.35481 0.742583
vn 0.568469 0.388595 0.725146
vn 0.569589 -0.395815 0.720346
vn 0.571653 -0.799486 0.184487
vn 0.576169 0.0731207 0.814053
vn 0.577124 -0.00374521 0.816648
vn 0.577323 -0.57149 0.583179
vn 0.578157 -0.466374 -0.669499
vn 0.582857 -0.58167 0.567396
vn 0.586028 0.44539 0.676903
vn 0.586363 0.176186 0.790656
vn 0.586495 0.698879 -0.40938
vn 0.58979 0.152662 0.792995
vn 0.589991 -0.347662 0.728727
vn 0.590467 -0.804976 -0.0579934
vn 0.590518 -0.769846 0.242125
vn 0.591865 0.169247 0.788068
vn 0.592979 0.14329 -0.792366
vn 0.593405 -0.00700629 -0.804874
vn 0.594586 0.114313 0.795864
vn 0.59621 0.798211 -0.0859883
vn 0.597228 0.5409 0.592238
vn 0.601247 0.536818 -0.591886
vn 0.601366 0.148887 -0.784979
vn 0.601468 -0.430246 0.673145
vn 0.602636 0.774032 0.194179
vn 0.608119 -0.208981 0.765845
vn 0.6094 -0.701464 0.369567
vn 0.609476 -0.37549 0.698245
vn 0.61049 -0.257719 -0.748921
vn 0.611249 -0.733858 0.296356
vn 0.613385 0.620347 -0.488804
vn 0.616872 -0.0689658 0.784036
vn 0.61717 -0.768917 -0.166937
vn 0.617608 0.33155 0.713186
vn 0.618092 0.250367 0.74517
vn 0.620272 0.314704 0.718487
vn 0.623047 0.0718042 0.778882
vn 0.624491 0.0564432 0.778989
vn 0.624751 0.239463 0.743198
vn 0.62502 0.266991 -0.733529
vn 0.625639 -0.369881 0.686851
vn 0.625905 0.300908 0.719512
vn 0.626117 -0.583296 -0.517439
vn 0.628716 0.385535 0.675336
vn 0.628913 -0.680077 -0.37678
vn 0.631362 -0.163369 0.758085
vn 0.634385 -0.269242 0.724613
vn 0.638901 -0.0958885 0.763289
vn 0.63925 0.729408 0.243565
vn 0.640586 0.682057 0.352771
vn 0.641224 -0.305989 0.703706
vn 0.641745 -0.309269 0.701795
vn 0.645492 0.428554 -0.632204
vn 0.645624 -0.485888 0.589137
vn 0.64714 0.359586 0.672241
vn 0.647908 0.616777 0.446991
vn 0.649115 0.75835 0.0596208
vn 0.650415 -0.0753956 -0.755828
vn 0.65175 -0.753524 0.0861534
vn 0.652364 -0.737722 -0.173745
vn 0.653657 -0.181448 -0.734717
vn 0.654721 -0.604361 -0.453969
vn 0.661537 0.331296 -0.672764
vn 0.662305 -0.693181 -0.284344
vn 0.664365 -0.371643 -0.64846
vn 0.665461 0.357188 0.655422
vn 0.665629 0.0499793 0.744608
vn 0.665887 -0.132629 0.734169
vn 0.66611 -0.0939022 0.739918
vn 0.667469 -0.637147 -0.385394
vn 0.668403 -0.0873062 0.738658
vn 0.669773 0.689319 -0.276124
vn 0.669877 -0.129039 -0.731173
vn 0.669905 -0.075238 -0.738625
vn 0.6705 0.30535 -0.676159
vn 0.674692 -0.0543201 0.736098
vn 0.674847 0.326469 0.661815
vn 0.67808 0.0654866 0.732065
vn 0.679921 -0.224453 -0.698089
vn 0.681408 -0.176936 0.710195
vn 0.681561 0.379491 0.625668
vn 0.68229 0.687371 0.249001
vn 0.683588 0.290023 -0.669772
vn 0.685456 0.253279 0.682642
vn 0.687965 0.675825 0.264509
vn 0.690714 -0.346652 -0.634623
vn 0.693949 -0.704534 -0.148548
vn 0.697738 -0.0890542 0.710796
vn 0.698004 0.520268 -0.492049
vn 0.700074 -0.672715 -0.239479
vn 0.701695 -0.294908 -0.648578
vn 0.701944 -0.566993 0.431039
vn 0.704373 -0.709517 0.0210768
vn 0.7055 -0.000635544 0.708709
vn 0.70595 0.235489 -0.667967
vn 0.707277 -0.0684296 0.703617
vn 0.707682 0.495533 0.50362
vn 0.711508 0.320719 0.625217
vn 0.711615 -0.0279042 0.702015
vn 0.711853 -0.0850033 -0.697166
vn 0.712981 -0.0245535 -0.700753
vn 0.714246 0.386862 0.583258
vn 0.71642 -0.311918 -0.624059
vn 0.717438 0.280333 0.637727
vn 0.717763 -0.0162983 0.696097
vn 0.719191 0.217732 0.659815
vn 0.719541 -0.133107 -0.681574
vn 0.721946 -0.663918 0.194954
vn 0.723666 0.362869 0.587055
vn 0.723688 -0.127528 0.678242
vn 0.723905 -0.14403 -0.674698
vn 0.724466 -0.669581 0.163737
vn 0.725191 0.527725 0.442271
vn 0.725832 0.677522 0.11888
vn 0.726617 -0.0815782 0.682183
vn 0.728939 -0.0418059 0.683301
vn 0.732452 0.135212 0.667257
vn 0.733037 -0.0307715 0.679493
vn 0.733213 -0.642188 0.223593
vn 0.734188 0.677961 0.0365492
vn 0.735096 -0.286611 0.614401
vn 0.735568 -0.250584 -0.629403
vn 0.737281 -0.52384 -0.426624
vn 0.74088 -0.47927 -0.470527
vn 0.742453 -0.364518 0.562041
vn 0.745008 0.498868 -0.442824
vn 0.745407 -0.504556 0.435651
vn 0.746268 0.435838 -0.503119
vn 0.749285 -0.12304 0.650718
vn 0.750154 0.556154 0.357718
vn 0.750401 0.623767 -0.218661
vn 0.757666 0.0538911 0.650414
vn 0.758795 0.451822 0.469134
vn 0.760407 -0.624101 -0.179663
vn 0.76063 -0.099389 -0.641533
vn 0.762119 -0.588525 -0.269838
vn 0.76409 -0.179237 0.61971
vn 0.765091 -0.60284 -0.226317
vn 0.765722 0.281559 0.578268
vn 0.766957 -0.0932453 0.634887
vn 0.76965 0.431495 0.470585
vn 0.770872 0.534214 0.346946
vn 0.773793 0.260423 0.577428
vn 0.774842 0.602231 0.192193
vn 0.776221 0.137077 0.615379
vn 0.777432 0.223234 0.588019
vn 0.777665 -0.0418899 -0.627282
vn 0.780054 0.422851 0.461208
vn 0.78046 0.0219849 -0.624818
vn 0.78177 0.504369 -0.366672
vn 0.785432 -0.0765357 -0.614197
vn 0.788092 0.568088 0.237036
vn 0.789061 0.569017 0.231523
vn 0.789215 0.0210092 -0.613757
vn 0.793132 0.570824 0.212371
vn 0.794708 -0.36258 -0.4868
vn 0.796245 -0.441354 0.413765
vn 0.802226 -0.0198781 0.59669
vn 0.802791 -0.071257 0.591987
vn 0.805145 0.0521549 0.590781
vn 0.806013 -0.334353 -0.488418
vn 0.806426 0.277388 -0.522239
vn 0.807242 0.510802 -0.295706
vn 0.808636 -0.551261 -0.205471
vn 0.809643 -0.129806 -0.572389
vn 0.812815 -0.488239 -0.317734
vn 0.814343 0.0416525 0.578888
vn 0.818203 0.457791 0.347808
vn 0.819135 0.0998323 0.564846
vn 0.823787 0.0866828 0.560233
vn 0.826576 -0.391207 0.404635
vn 0.828493 -0.120468 0.546888
vn 0.828546 0.413951 0.377035
vn 0.82868 0.367948 -0.421788
vn 0.829226 -0.528633 -0.181471
vn 0.829534 -0.523082 -0.195598
vn 0.831325 0.245741 0.498508
vn 0.833301 0.26965 -0.482595
vn 0.834228 0.248107 -0.49245
vn 0.837541 -0.0113483 -0.546256
vn 0.843643 -0.0127469 0.536753
vn 0.844611 -0.246701 -0.475153
vn 0.850947 -0.334464 0.404998
vn 0.851107 0.380821 0.361374
vn 0.851635 -0.142716 -0.504331
vn 0.856419 0.447463 -0.257532
vn 0.857282 0.414172 -0.305826
vn 0.857788 0.460718 0.227901
vn 0.859642 0.300035 0.413516
vn 0.861404 0.499532 0.0919305
vn 0.863342 -0.504534 0.00927556
vn 0.866009 0.50001 -0.00431901
vn 0.866733 0.416309 0.274701
vn 0.867757 -0.47758 0.137536
vn 0.867809 -0.097519 -0.487234
vn 0.873195 0.487004 -0.0189242
vn 0.873322 0.427872 0.232882
vn 0.87503 0.0959661 0.474462
vn 0.879849 0.419616 0.223133
vn 0.884801 0.465395 -0.0231322
vn 0.885463 -0.0823052 -0.457363
vn 0.887448 0.460736 -0.0125475
vn 0.888448 0.413155 -0.199905
vn 0.888552 -0.208854 -0.40848
vn 0.889443 -0.441784 -0.117127
vn 0.892335 0.438132 0.108528
vn 0.89279 0.436391 0.111757
vn 0.896587 -0.0559182 0.439324
vn 0.899726 0.125651 0.417977
vn 0.909135 0.290086 -0.298872
vn 0.909961 0.0582327 0.410586
vn 0.910507 -0.313781 0.269292
vn 0.911953 -0.0323785 0.409014
vn 0.913118 0.197467 0.356683
vn 0.913567 0.0755775 -0.399605
vn 0.919435 -0.00972663 -0.393123
vn 0.922117 0.239312 0.304023
vn 0.922306 0.206339 -0.326766
vn 0.929589 0.289632 0.227985
vn 0.930765 -0.0430251 -0.363079
vn 0.938025 0.336905 0.0812688
vn 0.938104 0.103438 0.330546
vn 0.938829 -0.311999 -0.145795
vn 0.939318 0.0672269 0.336396
vn 0.941651 0.193572 0.275362
vn 0.942084 -0.334729 0.0208464
vn 0.947548 -0.0335715 -0.317845
vn 0.948125 0.190504 0.254494
vn 0.948946 0.157177 -0.273489
vn 0.949719 0.00080278 -0.313103
vn 0.952757 0.23963 0.186632
vn 0.955662 -0.172425 0.238704
vn 0.956602 0.230946 0.177697
vn 0.957761 -0.286413 -0.0257362
vn 0.965205 0.166383 0.201734
vn 0.967182 -0.170092 -0.188753
vn 0.96745 -0.222489 -0.120575
vn 0.969126 0.0274481 0.245034
vn 0.969995 0.0630386 -0.234809
vn 0.971655 0.224876 -0.072923
vn 0.97338 0.202748 0.106887
vn 0.974002 0.225501 0.0216636
vn 0.977535 -0.0784327 -0.195638
vn 0.978811 0.192799 0.0689745
vn 0.978985 0.035652 -0.200792
vn 0.983965 0.0514079 0.170792
vn 0.984026 0.151463 0.0935527
vn 0.984115 -0.1725 -0.0419627
vn 0.986716 -0.129908 -0.0975426
vn 0.993046 -0.0532697 -0.104988
vn 0.995108 -0.0985578 -0.00681925
vn 0.995635 0.0528246 -0.0769422
vn 0.996095 0.0768727 0.0434101
vn 0.99669 0.0766482 -0.0270996
usemtl Default
s off
f 348//68 343//39 341//56
f 726//1316 642//1069 710//1062
f 863//192 850//253 884//441
f 901//940 884//441 830//642
f 874//983 901//940 830//642
f 895//1086 901//940 874//983
f 1551//1314 1490//650 1532//708
f 1317//837 1244//753 1342//674
f 1333//396 1384//928 1375//690
f 850//253 834//353 884//441
f 933//1131 960//1164 950//1731
f 936//888 933//1131 950//1731
f 1059//950 960//1164 933//1131
f 1126//816 1087//789 953//1166
f 1126//816 953//1166 1012//924
f 1243//957 1236//914 1312//570
f 1332//387 1333//396 1375//690
f 1236//914 1162//975 1112//967
f 584//925 710//1062 642//1069
f 710//1062 584//925 724//927
f 834//353 819//354 884//441
f 884//441 819//354 830//642
f 830//642 869//923 874//983
f 887//985 1059//950 933//1131
f 1099//871 1059//950 946//1173
f 1140//935 1169//1005 1177//1038
f 1140//935 1177//1038 1119//915
f 1229//952 1209//994 1162//975
f 1433//1253 1453//1067 1411//969
f 1752//1445 1711//1295 1696//1355
f 770//1010 724//927 701//878
f 730//976 770//1010 701//878
f 819//354 796//448 830//642
f 869//923 830//642 824//922
f 1099//871 946//1173 989//1031
f 1099//871 989//1031 1087//789
f 1209//994 1187//978 1162//975
f 1342//674 1244//753 1287//787
f 1109//1045 1050//819 1119//915
f 1229//952 1162//975 1243//957
f 724//927 584//925 628//751
f 724//927 628//751 701//878
f 1087//789 989//1031 953//1166
f 1129//906 1013//1009 1127//1070
f 1427//511 1376//439 1380//473
f 1360//415 1452//608 1384//928
f 1652//1411 1670//1570 1608//1576
f 704//146 729//238 737//156
f 784//568 764//761 830//642
f 796//448 784//568 830//642
f 764//761 824//922 830//642
f 764//761 817//933 824//922
f 887//985 872//1293 1059//950
f 1129//906 1012//924 1013//1009
f 1675//1193 1652//1411 1623//1398
f 1675//1193 1623//1398 1660//1270
f 1177//1038 1109//1045 1119//915
f 1552//1461 1568//1370 1531//902
f 1696//1355 1660//1270 1628//1245
f 817//933 764//761 803//1051
f 867//1726 887//985 883//1001
f 872//1293 946//1173 1059//950
f 1495//1194 1498//1072 1472//525
f 1162//975 1187//978 1163//968
f 1427//511 1380//473 1438//514
f 642//1069 556//904 471//744
f 556//904 484//576 471//744
f 784//568 683//1204 764//761
f 862//880 887//985 867//1726
f 872//1293 887//985 862//880
f 1012//924 885//1155 1013//1009
f 584//925 642//1069 471//744
f 787//1104 803//1051 764//761
f 787//1104 800//1258 803//1051
f 989//1031 946//1173 953//1166
f 1012//924 953//1166 885//1155
f 1337//844 1361//981 1365//959
f 1297//446 1312//570 1236//914
f 1160//1311 1092//1239 1096//1213
f 397//290 402//208 348//68
f 1353//974 1243//957 1312//570
f 1350//472 1332//387 1375//690
f 1552//1461 1531//902 1498//1072
f 628//751 584//925 607//691
f 628//751 607//691 618//527
f 862//880 837//850 823//1352
f 862//880 823//1352 872//1293
f 953//1166 872//1293 827//1482
f 946//1173 872//1293 953//1166
f 627//597 611//571 679//376
f 1546//1579 1552//1461 1498//1072
f 1361//981 1373//930 1365//959
f 787//1104 764//761 672//1097
f 766//1101 786//1374 787//1104
f 953//1166 827//1482 885//1155
f 534//444 478//431 540//144
f 1331//1237 1286//1156 1295//964
f 667//722 569//866 627//597
f 617//841 569//866 667//722
f 1295//964 1337//844 1365//959
f 484//576 475//452 397//290
f 484//576 397//290 471//744
f 764//761 683//1204 672//1097
f 766//1101 787//1104 672//1097
f 778//1474 823//1352 791//1658
f 872//1293 823//1352 778//1474
f 1700//1242 1670//1570 1678//1053
f 1423//465 1342//674 1374//705
f 584//925 471//744 462//811
f 778//1474 791//1658 760//1276
f 827//1482 872//1293 778//1474
f 1397//1068 1374//705 1322//997
f 569//866 547//702 611//571
f 627//597 569//866 611//571
f 607//691 559//675 577//492
f 683//1204 662//1515 639//1495
f 683//1204 639//1495 672//1097
f 827//1482 778//1474 885//1155
f 885//1155 740//671 908//1058
f 397//290 386//453 471//744
f 607//691 584//925 559//675
f 639//1495 616//1281 672//1097
f 760//1276 766//1101 666//503
f 907//786 880//1109 897//707
f 973//1111 954//1127 944//1226
f 584//925 485//833 559//675
f 559//675 568//680 577//492
f 778//1474 760//1276 700//540
f 760//1276 666//503 700//540
f 740//671 828//769 908//1058
f 611//571 547//702 591//489
f 386//453 462//811 471//744
f 568//680 559//675 485//833
f 639//1495 594//1176 616//1281
f 885//1155 778//1474 740//671
f 1222//946 1292//553 1236//914
f 1591//425 1580//437 1605//664
f 462//811 386//453 361//429
f 568//680 485//833 594//1176
f 1477//147 1490//650 1417//654
f 1101//988 1222//946 1112//967
f 569//866 493//812 547//702
f 1550//436 1566//462 1532//708
f 462//811 424//362 584//925
f 543//919 672//1097 616//1281
f 543//919 616//1281 594//1176
f 766//1101 672//1097 543//919
f 666//503 766//1101 543//919
f 778//1474 700//540 740//671
f 1066//971 1024//966 1114//961
f 547//702 494//620 591//489
f 379//1439 311//1312 306//1013
f 584//925 424//362 485//833
f 782//398 828//769 740//671
f 1162//975 1236//914 1243//957
f 1384//928 1393//1138 1375//690
f 120//145 112//87 110//160
f 493//812 417//604 547//702
f 547//702 368//504 494//620
f 264//312 295//1115 267//467
f 361//429 350//199 462//811
f 350//199 424//362 462//811
f 424//362 418//475 485//833
f 666//503 543//919 602//630
f 547//702 417//604 368//504
f 341//56 350//199 361//429
f 666//503 689//55 700//540
f 689//55 704//146 700//540
f 700//540 704//146 740//671
f 704//146 737//156 740//671
f 737//156 782//398 740//671
f 1746//1382 1728//851 1719//1211
f 424//362 412//162 418//475
f 624//458 666//503 602//630
f 1165//1212 1241//1116 1227//1026
f 1379//656 1317//837 1342//674
f 888//283 797//542 920//626
f 323//740 304//1202 372//1161
f 1623//1398 1652//1411 1608//1576
f 1396//893 1353//974 1427//511
f 1357//807 1408//426 1311//589
f 417//604 274//419 368//504
f 368//504 346//532 494//620
f 497//528 414//580 513//618
f 504//611 448//572 534//444
f 485//833 543//919 594//1176
f 1696//1355 1628//1245 1654//1170
f 494//620 346//532 497//528
f 346//532 414//580 497//528
f 513//618 414//580 504//611
f 302//217 364//442 344//455
f 1765//1508 1719//1211 1752//1445
f 535//623 602//630 543//919
f 1711//1295 1675//1193 1660//1270
f 1711//1295 1719//1211 1675//1193
f 412//162 338//285 301//227
f 499//622 535//623 543//919
f 1539//461 1512//793 1531//902
f 1464//1140 1491//1041 1411//969
f 1357//807 1379//656 1408//426
f 368//504 318//421 346//532
f 414//580 448//572 504//611
f 448//572 478//431 534//444
f 418//475 301//227 281//494
f 485//833 418//475 322//646
f 485//833 440//574 543//919
f 1243//957 1306//1000 1289//947
f 417//604 375//602 274//419
f 414//580 346//532 448//572
f 440//574 485//833 322//646
f 440//574 499//622 543//919
f 1409//710 1427//511 1430//392
f 1383//1075 1331//1237 1295//964
f 1373//930 1389//803 1365//959
f 1660//1270 1623//1398 1628//1245
f 1383//1075 1295//964 1365//959
f 1397//1068 1495//1194 1448//683
f 368//504 198//291 318//421
f 418//475 281//494 322//646
f 1714//1410 1682//1345 1636//1199
f 323//740 372//1161 320//338
f 1282//830 1296//912 1295//964
f 346//532 329//509 448//572
f 329//509 478//431 448//572
f 428//581 488//609 511//314
f 428//581 511//314 478//431
f 350//199 387//182 424//362
f 1112//967 1049//1006 1060//1027
f 274//419 219//335 368//504
f 318//421 262//329 346//532
f 329//509 428//581 478//431
f 301//227 257//169 281//494
f 403//512 440//574 322//646
f 344//455 403//512 322//646
f 599//624 673//324 624//458
f 602//630 599//624 624//458
f 1394//1268 1386//1012 1435//865
f 1292//553 1297//446 1236//914
f 1024//966 1020//1056 1114//961
f 318//421 233//300 262//329
f 1438//514 1380//473 1411//969
f 955//374 888//283 998//480
f 1714//1410 1716//1421 1682//1345
f 316//1484 294//1196 235//868
f 379//1439 316//1484 311//1312
f 368//504 219//335 198//291
f 346//532 262//329 329//509
f 376//495 488//609 428//581
f 294//1196 203//565 235//868
f 316//1484 235//868 240//1018
f 316//1484 240//1018 311//1312
f 329//509 315//440 428//581
f 315//440 376//495 428//581
f 1376//439 1427//511 1340//507
f 274//419 171//261 219//335
f 318//421 198//291 233//300
f 262//329 290//322 329//509
f 329//509 290//322 315//440
f 279//356 376//495 315//440
f 257//169 259//92 281//494
f 259//92 272//256 281//494
f 281//494 272//256 322//646
f 301//227 256//70 257//169
f 311//1312 240//1018 216//717
f 1413//1256 1411//969 1398//1061
f 1374//705 1397//1068 1448//683
f 272//256 302//217 322//646
f 1636//1199 1682//1345 1654//1170
f 478//431 511//314 508//74
f 198//291 181//259 233//300
f 259//92 249//40 272//256
f 1773//1573 1752//1445 1755//1455
f 1490//650 1411//969 1491//1041
f 1452//608 1498//1072 1531//902
f 1126//816 1012//924 1129//906
f 311//1312 216//717 306//1013
f 1467//1035 1444//1122 1531//902
f 262//329 206//267 290//322
f 235//868 203//565 168//563
f 235//868 168//563 240//1018
f 1490//650 1438//514 1411//969
f 1463//1198 1383//1075 1455//1074
f 1536//1606 1546//1579 1498//1072
f 219//335 171//261 198//291
f 233//300 206//267 262//329
f 210//274 279//356 315//440
f 290//322 210//274 315//440
f 1333//396 1360//415 1384//928
f 1389//803 1417//654 1365//959
f 240//1018 168//563 137//681
f 240//1018 137//681 179//711
f 240//1018 179//711 216//717
f 190//346 120//145 171//261
f 206//267 210//274 290//322
f 955//374 900//271 888//283
f 203//565 142//550 168//563
f 625//224 591//489 587//232
f 266//573 319//962 242//360
f 171//261 110//160 198//291
f 181//259 206//267 233//300
f 1608//1576 1601//1673 1548//1535
f 181//259 144//201 206//267
f 1317//837 1255//911 1244//753
f 1608//1576 1548//1535 1524//1308
f 168//563 142//550 137//681
f 179//711 111//567 124//549
f 179//711 124//549 216//717
f 216//717 173//277 211//321
f 998//480 920//626 1016//846
f 171//261 120//145 110//160
f 1608//1576 1524//1308 1551//1314
f 1581//1367 1608//1576 1551//1314
f 1403//1183 1331//1237 1383//1075
f 1220//1252 1160//1311 1177//1038
f 1050//819 974//834 1026//697
f 1750//926 1772//1223 1769//1362
f 137//681 111//567 179//711
f 216//717 124//549 173//277
f 1716//1421 1696//1355 1682//1345
f 969//858 974//834 935//822
f 1255//911 1099//871 1244//753
f 198//291 135//196 181//259
f 126//173 175//250 144//201
f 210//274 228//289 279//356
f 844//168 863//192 849//296
f 1623//1398 1608//1576 1581//1367
f 821//738 880//1109 907//786
f 392//1633 415//1751 349//1444
f 142//550 100//539 137//681
f 198//291 110//160 135//196
f 144//201 175//250 206//267
f 1384//928 1406//1429 1393//1138
f 142//550 98//561 100//539
f 137//681 100//539 111//567
f 124//549 121//412 173//277
f 78//433 38//255 26//60
f 1155//973 1222//946 1101//988
f 402//208 363//123 348//68
f 135//196 144//201 181//259
f 920//626 935//822 974//834
f 1654//1170 1628//1245 1614//747
f 121//412 133//225 173//277
f 1109//1045 1096//1213 1016//846
f 1322//997 1287//787 1227//1026
f 173//277 133//225 140//202
f 1244//753 1225//774 1287//787
f 100//539 65//351 111//567
f 1114//961 1020//1056 1049//1006
f 1016//846 920//626 974//834
f 205//533 165//128 159//79
f 998//480 888//283 920//626
f 1049//1006 944//1226 1060//1027
f 1696//1355 1711//1295 1660//1270
f 1428//1153 1433//1253 1411//969
f 973//1111 1020//1056 981//1221
f 1668//1238 1714//1410 1636//1199
f 1340//507 1312//570 1350//472
f 100//539 31//241 65//351
f 65//351 60//389 111//567
f 111//567 60//389 124//549
f 1374//705 1287//787 1322//997
f 1155//973 1255//911 1222//946
f 1682//1345 1696//1355 1654//1170
f 1112//967 1222//946 1236//914
f 1452//608 1444//1122 1384//928
f 1605//664 1580//437 1584//590
f 757//657 627//597 679//376
f 1512//793 1467//1035 1531//902
f 1452//608 1408//426 1472//525
f 1340//507 1353//974 1312//570
f 121//412 103//279 133//225
f 1755//1455 1696//1355 1716//1421
f 1287//787 1225//774 1227//1026
f 1379//656 1342//674 1423//465
f 1755//1455 1752//1445 1696//1355
f 675//1112 583//1520 552//1118
f 60//389 40//299 124//549
f 40//299 121//412 124//549
f 1562//409 1549//366 1539//461
f 1255//911 1311//589 1222//946
f 1255//911 1317//837 1311//589
f 1423//465 1448//683 1472//525
f 1427//511 1353//974 1340//507
f 1568//1370 1596//1218 1531//902
f 1559//1574 1504//1340 1548//1535
f 1427//511 1438//514 1490//650
f 1539//461 1531//902 1584//590
f 1448//683 1495//1194 1472//525
f 1357//807 1317//837 1379//656
f 1317//837 1357//807 1311//589
f 1562//409 1539//461 1584//590
f 65//351 14//136 60//389
f 40//299 49//303 121//412
f 1353//974 1334//1043 1306//1000
f 1398//1061 1411//969 1375//690
f 1408//426 1423//465 1472//525
f 1467//1035 1434//1317 1444//1122
f 1628//1245 1623//1398 1581//1367
f 920//626 821//738 907//786
f 1445//228 1430//392 1477//147
f 1430//392 1427//511 1477//147
f 322//646 302//217 344//455
f 121//412 49//303 103//279
f 849//296 863//192 884//441
f 1383//1075 1365//959 1417//654
f 1408//426 1452//608 1360//415
f 1525//1518 1536//1606 1498//1072
f 1316//929 1337//844 1295//964
f 591//489 494//620 587//232
f 1215//829 1259//862 1295//964
f 1096//1213 1058//938 1016//846
f 1101//988 1112//967 1060//1027
f 1297//446 1333//396 1332//387
f 28//133 49//303 40//299
f 1162//975 1114//961 1112//967
f 1114//961 1049//1006 1112//967
f 1292//553 1311//589 1333//396
f 1548//1535 1504//1340 1524//1308
f 1531//902 1596//1218 1584//590
f 1060//1027 944//1226 993//1549
f 920//626 797//542 821//738
f 1771//1560 1755//1455 1714//1410
f 1628//1245 1581//1367 1614//747
f 1374//705 1342//674 1287//787
f 1654//1170 1614//747 1605//664
f 1477//147 1427//511 1490//650
f 1289//947 1276//958 1243//957
f 1771//1560 1773//1573 1755//1455
f 617//841 574//840 569//866
f 49//303 18//214 103//279
f 18//214 73//180 103//279
f 1445//228 1477//147 1442//262
f 1448//683 1423//465 1374//705
f 1463//1198 1403//1183 1383//1075
f 1163//968 1114//961 1162//975
f 14//136 40//299 60//389
f 983//1665 993//1549 940//1523
f 49//303 28//133 18//214
f 935//822 920//626 907//786
f 1614//747 1581//1367 1592//737
f 1636//1199 1654//1170 1605//664
f 1263//1236 1220//1252 1177//1038
f 206//267 175//250 210//274
f 1286//1156 1263//1236 1177//1038
f 1375//690 1393//1138 1398//1061
f 1286//1156 1177//1038 1295//964
f 1353//974 1306//1000 1243//957
f 1259//862 1282//830 1295//964
f 1177//1038 1215//829 1295//964
f 1340//507 1350//472 1380//473
f 1380//473 1350//472 1411//969
f 1256//942 1229//952 1243//957
f 1411//969 1350//472 1375//690
f 1636//1199 1605//664 1584//590
f 1376//439 1340//507 1380//473
f 1434//1317 1406//1429 1444//1122
f 1752//1445 1719//1211 1711//1295
f 1227//1026 1129//906 1127//1070
f 1455//1074 1383//1075 1417//654
f 1524//1308 1504//1340 1455//1074
f 1551//1314 1524//1308 1490//650
f 261//358 248//417 305//804
f 689//55 707//135 704//146
f 1215//829 1246//756 1259//862
f 1353//974 1396//893 1377//949
f 1495//1194 1525//1518 1498//1072
f 248//417 267//467 305//804
f 267//467 295//1115 305//804
f 1169//1005 1197//977 1177//1038
f 1596//1218 1636//1199 1584//590
f 1504//1340 1463//1198 1455//1074
f 1022//1267 1060//1027 993//1549
f 1570//368 1562//409 1584//590
f 1580//437 1570//368 1584//590
f 1524//1308 1455//1074 1490//650
f 1532//708 1490//650 1491//1041
f 1581//1367 1551//1314 1592//737
f 1442//262 1477//147 1417//654
f 1566//462 1591//425 1592//737
f 1591//425 1614//747 1592//737
f 1614//747 1591//425 1605//664
f 1163//968 1066//971 1114//961
f 1331//1237 1263//1236 1286//1156
f 1101//988 1060//1027 1022//1267
f 1160//1311 1096//1213 1109//1045
f 1160//1311 1109//1045 1177//1038
f 237//43 264//312 267//467
f 935//822 907//786 928//685
f 1050//819 1109//1045 1016//846
f 1312//570 1332//387 1350//472
f 1719//1211 1678//1053 1675//1193
f 1276//958 1256//942 1243//957
f 1296//912 1316//929 1295//964
f 1222//946 1311//589 1292//553
f 1566//462 1592//737 1532//708
f 1592//737 1551//1314 1532//708
f 1490//650 1455//1074 1417//654
f 200//325 191//246 178//27
f 291//427 332//459 457//617
f 982//236 1063//523 1011//364
f 1010//308 1036//416 1070//629
f 942//891 1084//1096 1027//1188
f 1447//1264 1509//1327 1412//1159
f 1038//547 1076//659 1084//1096
f 1059//950 1155//973 1101//988
f 150//315 247//447 229//557
f 1063//523 1072//596 1011//364
f 1036//416 1011//364 1089//663
f 1036//416 1089//663 1070//629
f 1070//629 1085//541 1010//308
f 1028//213 1132//582 1038//547
f 1038//547 1132//582 1076//659
f 411//306 476//179 452//167
f 1242//1700 1250//1789 1219//754
f 1072//596 1089//663 1011//364
f 1010//308 1085//541 1088//460
f 1027//1188 1084//1096 1095//1240
f 1452//608 1531//902 1444//1122
f 610//831 750//943 719//832
f 214//304 277//424 245//317
f 857//336 889//194 876//89
f 1028//213 1037//307 1132//582
f 370//435 413//521 309//486
f 411//306 452//167 387//182
f 1078//470 1075//310 1118//363
f 1042//678 1130//645 1048//1044
f 1244//753 1099//871 1087//789
f 384//383 411//306 387//182
f 309//486 413//521 443//529
f 542//638 678//790 579//667
f 678//790 750//943 579//667
f 1043//863 1134//855 1090//934
f 649//543 705//305 680//372
f 1037//307 1088//460 1132//582
f 1076//659 1135//1093 1084//1096
f 747//889 818//1065 763//843
f 1042//678 1078//470 1130//645
f 1225//774 1087//789 1126//816
f 1244//753 1087//789 1225//774
f 317//402 336//334 382//1401
f 528//401 576//295 563//198
f 763//843 825//757 746//558
f 153//209 223//328 162//237
f 1070//629 1089//663 1178//1083
f 1070//629 1178//1083 1157//1078
f 342//343 491//243 351//369
f 335//1082 489//1369 331//956
f 1207//1180 1298//1060 1241//1116
f 531//457 634//510 554//471
f 1072//596 1133//777 1089//663
f 1070//629 1158//1087 1085//541
f 1088//460 1085//541 1185//917
f 1132//582 1088//460 1144//730
f 411//306 479//260 476//179
f 332//459 407//607 457//617
f 239//350 332//459 291//427
f 1128//734 1191//1084 1133//777
f 1089//663 1133//777 1161//1059
f 1088//460 1185//917 1144//730
f 452//167 412//162 424//362
f 387//182 452//167 424//362
f 201//293 265//487 224//411
f 1085//541 1158//1087 1185//917
f 1076//659 1132//582 1182//788
f 1076//659 1182//788 1135//1093
f 1135//1093 1207//1180 1084//1096
f 1084//1096 1207//1180 1095//1240
f 999//288 1028//213 1014//381
f 1151//785 1186//1225 1179//390
f 1441//1049 1503//892 1488//1249
f 1078//470 1118//363 1219//754
f 910//1323 1073//1261 964//1392
f 273//138 285//197 249//40
f 528//401 553//469 576//295
f 1113//800 1151//785 1100//320
f 1603//1492 1619//1460 1649//1516
f 1089//663 1161//1059 1178//1083
f 1070//629 1157//1078 1158//1087
f 1075//310 1179//390 1118//363
f 1144//730 1192//1022 1132//582
f 1225//774 1129//906 1227//1026
f 1664//1669 1692//1376 1674//1385
f 249//40 285//197 272//256
f 277//424 323//740 320//338
f 447//594 532//818 520//825
f 1157//1078 1216//1263 1158//1087
f 1144//730 1185//917 1192//1022
f 1132//582 1192//1022 1202//853
f 1135//1093 1182//788 1211//1064
f 1135//1093 1211//1064 1207//1180
f 1118//363 1179//390 1218//897
f 344//455 364//442 403//512
f 746//558 825//757 759//359
f 715//614 763//843 746//558
f 297//45 296//371 275//266
f 1133//777 1204//1171 1161//1059
f 1157//1078 1178//1083 1216//1263
f 1132//582 1202//853 1182//788
f 1452//608 1472//525 1498//1072
f 510//1501 558//1586 489//1369
f 937//653 1065//719 1043//863
f 1118//363 1218//897 1219//754
f 993//1549 944//1226 875//1605
f 713//739 804//995 747//889
f 302//217 337//323 364//442
f 317//402 352//1418 296//371
f 722//434 775//432 807//575
f 527//631 632//867 542//638
f 1161//1059 1245//1209 1178//1083
f 1216//1263 1226//1260 1158//1087
f 1192//1022 1224//1047 1202//853
f 1182//788 1202//853 1267//1008
f 28//133 3//63 18//214
f 457//617 537//820 433//579
f 463//490 495//556 447//594
f 753//278 848//531 782//398
f 1204//1171 1245//1209 1161//1059
f 1158//1087 1226//1260 1231//1201
f 1158//1087 1231//1201 1185//917
f 1231//1201 1253//1095 1192//1022
f 1185//917 1231//1201 1192//1022
f 348//68 341//56 361//429
f 535//623 599//624 602//630
f 673//324 689//55 666//503
f 1151//785 1168//1660 1186//1225
f 1178//1083 1245//1209 1266//1216
f 1178//1083 1266//1216 1216//1263
f 1192//1022 1253//1095 1224//1047
f 1288//1197 1308//1300 1191//1084
f 982//236 1035//413 1063//523
f 1226//1260 1216//1263 1262//1229
f 1182//788 1267//1008 1211//1064
f 1002//1007 1101//988 1022//1267
f 1095//1240 1165//1212 1127//1070
f 1245//1209 1285//1255 1266//1216
f 1226//1260 1262//1229 1279//1224
f 1226//1260 1303//1217 1231//1201
f 1231//1201 1278//1110 1253//1095
f 1224//1047 1293//1139 1202//853
f 1202//853 1293//1139 1267//1008
f 1267//1008 1301//1125 1211//1064
f 1010//308 1088//460 1023//254
f 1210//725 1277//1094 1271//970
f 1216//1263 1266//1216 1262//1229
f 1226//1260 1279//1224 1303//1217
f 1231//1201 1303//1217 1278//1110
f 1211//1064 1301//1125 1207//1180
f 647//451 649//543 551//410
f 192//181 247//447 150//315
f 1245//1209 1309//1335 1285//1255
f 697//749 748//712 619//909
f 619//909 748//712 720//982
f 1277//1094 1284//1177 1271//970
f 1277//1094 1315//1214 1284//1177
f 1308//1300 1309//1335 1245//1209
f 1262//1229 1305//1257 1279//1224
f 1278//1110 1314//1182 1253//1095
f 1253//1095 1314//1182 1224//1047
f 1314//1182 1293//1139 1224//1047
f 1207//1180 1362//1136 1298//1060
f 903//784 1065//719 937//653
f 1266//1216 1285//1255 1305//1257
f 1266//1216 1305//1257 1262//1229
f 1207//1180 1301//1125 1362//1136
f 635//628 693//502 654//443
f 932//898 901//940 923//770
f 489//1369 592//1539 603//1117
f 320//338 369//463 334//132
f 1285//1255 1330//1325 1305//1257
f 1305//1257 1303//1217 1279//1224
f 1278//1110 1344//1282 1314//1182
f 1267//1008 1293//1139 1302//1113
f 1267//1008 1302//1113 1301//1125
f 443//529 503//520 463//490
f 708//331 722//434 634//510
f 1180//696 1154//482 1193//481
f 74//207 118//428 81//294
f 451//980 502//400 531//457
f 1285//1255 1309//1335 1330//1325
f 1303//1217 1344//1282 1278//1110
f 1314//1182 1341//1233 1293//1139
f 531//457 554//471 590//1088
f 750//943 799//1025 783//778
f 1288//1197 1364//1283 1308//1300
f 1305//1257 1363//1205 1303//1217
f 1293//1139 1358//1250 1302//1113
f 1301//1125 1368//1124 1362//1136
f 1543//1246 1612//1477 1563//1286
f 1297//446 1292//553 1333//396
f 563//198 576//295 664//498
f 563//198 664//498 647//451
f 1314//1182 1344//1282 1366//1321
f 1314//1182 1366//1321 1341//1233
f 1293//1139 1341//1233 1358//1250
f 1298//1060 1362//1136 1343//1089
f 1255//911 1155//973 1099//871
f 960//1164 1101//988 1002//1007
f 1309//1335 1308//1300 1378//1360
f 1309//1335 1378//1360 1330//1325
f 1330//1325 1437//1358 1305//1257
f 1305//1257 1437//1358 1363//1205
f 1303//1217 1387//1287 1344//1282
f 654//443 693//502 713//739
f 1364//1283 1405//1341 1308//1300
f 1308//1300 1405//1341 1378//1360
f 1303//1217 1363//1205 1387//1287
f 1341//1233 1392//1135 1358//1250
f 1302//1113 1358//1250 1410//1105
f 1302//1113 1410//1105 1301//1125
f 1301//1125 1410//1105 1368//1124
f 1330//1325 1378//1360 1437//1358
f 1344//1282 1387//1287 1415//1326
f 1344//1282 1402//1320 1366//1321
f 1366//1321 1390//1154 1341//1233
f 1341//1233 1390//1154 1392//1135
f 610//831 719//832 697//749
f 1378//1360 1405//1341 1431//1406
f 1344//1282 1415//1326 1402//1320
f 1402//1320 1390//1154 1366//1321
f 1371//941 1381//895 1412//1159
f 1364//1283 1418//1303 1405//1341
f 1358//1250 1392//1135 1422//1228
f 1358//1250 1422//1228 1410//1105
f 554//471 634//510 646//802
f 1387//1287 1437//1358 1465//1337
f 1363//1205 1437//1358 1387//1287
f 1390//1154 1402//1320 1429//1102
f 1390//1154 1429//1102 1392//1135
f 1368//1124 1410//1105 1461//1145
f 1368//1124 1461//1145 1362//1136
f 260//394 305//804 310//920
f 664//498 713//739 747//889
f 747//889 763//843 715//614
f 1378//1360 1431//1406 1437//1358
f 1402//1320 1415//1326 1493//1313
f 1362//1136 1461//1145 1471//1292
f 1362//1136 1471//1292 1343//1089
f 1387//1287 1465//1337 1462//1203
f 1387//1287 1462//1203 1415//1326
f 1392//1135 1429//1102 1485//1318
f 1392//1135 1485//1318 1422//1228
f 1410//1105 1486//1215 1461//1145
f 1343//1089 1471//1292 1397//1068
f 1412//1159 1506//1167 1443//1029
f 385//474 472//536 337//323
f 1073//1261 1106//1459 1032//1399
f 769//873 710//1062 724//927
f 1418//1303 1484//1431 1405//1341
f 1402//1320 1493//1313 1429//1102
f 128//370 118//428 74//207
f 664//498 715//614 647//451
f 1381//895 1447//1264 1412//1159
f 1714//1410 1755//1455 1716//1421
f 753//278 782//398 754//284
f 721//700 667//722 627//597
f 697//749 761//658 748//712
f 719//832 761//658 697//749
f 1484//1431 1487//1419 1405//1341
f 1405//1341 1487//1419 1431//1406
f 1437//1358 1431//1406 1478//1464
f 1422//1228 1485//1318 1489//1298
f 1422//1228 1489//1298 1410//1105
f 143//449 152//450 189//478
f 780//716 806//794 749//814
f 1134//855 1142//759 1090//934
f 693//502 743//752 713//739
f 1437//1358 1478//1464 1465//1337
f 1415//1326 1462//1203 1496//1290
f 1493//1313 1499//1277 1429//1102
f 1429//1102 1499//1277 1485//1318
f 541//606 527//631 422//496
f 1509//1327 1540//1279 1506//1167
f 647//451 715//614 746//558
f 1465//1337 1497//1269 1462//1203
f 1462//1203 1497//1269 1496//1290
f 1415//1326 1496//1290 1493//1313
f 1499//1277 1520//1344 1485//1318
f 1410//1105 1489//1298 1486//1215
f 1461//1145 1515//1475 1471//1292
f 447//594 520//825 407//607
f 1412//1159 1509//1327 1506//1167
f 188//384 265//487 201//293
f 1478//1464 1497//1269 1465//1337
f 1461//1145 1486//1215 1515//1475
f 1471//1292 1515//1475 1508//1531
f 143//449 189//478 122//361
f 1210//725 1198//836 1134//855
f 647//451 746//558 649//543
f 746//558 705//305 649//543
f 1355//1195 1403//1183 1463//1198
f 1478//1464 1431//1406 1530//1417
f 1478//1464 1530//1417 1497//1269
f 1489//1298 1485//1318 1526//1432
f 122//361 188//384 127//239
f 247//447 319//962 229//557
f 430//1796 409//1752 456//1708
f 1484//1431 1533//1470 1487//1419
f 1496//1290 1578//1510 1493//1313
f 1499//1277 1493//1313 1547//1339
f 407//607 520//825 457//617
f 681//735 749//814 743//752
f 194//530 278//755 284//714
f 720//982 749//814 691//960
f 1431//1406 1487//1419 1579//1424
f 1431//1406 1579//1424 1530//1417
f 1497//1269 1556//1494 1496//1290
f 1499//1277 1547//1339 1520//1344
f 1485//1318 1520//1344 1526//1432
f 551//410 649//543 609//599
f 1496//1290 1556//1494 1578//1510
f 1489//1298 1526//1432 1554//1632
f 1489//1298 1554//1632 1486//1215
f 1554//1632 1515//1475 1486//1215
f 413//521 542//638 443//529
f 1503//892 1543//1246 1563//1286
f 1503//892 1563//1286 1488//1249
f 178//27 176//143 186//73
f 1180//696 1156//684 1154//482
f 720//982 748//712 771//694
f 1487//1419 1533//1470 1579//1424
f 1497//1269 1530//1417 1556//1494
f 1578//1510 1582//1545 1493//1313
f 1520//1344 1547//1339 1526//1432
f 1526//1432 1564//1553 1554//1632
f 932//898 902//768 884//441
f 401//1490 426//1780 382//1401
f 295//1115 367//1636 345//1471
f 1547//1339 1493//1313 1599//1478
f 275//266 321//1396 295//1115
f 749//814 806//794 743//752
f 221//46 267//467 248//417
f 215//497 196//195 149//269
f 1493//1313 1582//1545 1599//1478
f 1547//1339 1586//1575 1590//1536
f 1547//1339 1590//1536 1526//1432
f 1526//1432 1590//1536 1564//1553
f 332//459 355//544 407//607
f 278//755 331//956 388//1142
f 433//579 528//401 376//495
f 598//257 708//331 531//457
f 1579//1424 1610//1512 1530//1417
f 1599//1478 1586//1575 1547//1339
f 1649//1516 1669//1620 1610//1512
f 750//943 783//778 719//832
f 376//495 528//401 488//609
f 1533//1470 1603//1492 1579//1424
f 520//825 580//996 537//820
f 532//818 691//960 681//735
f 1530//1417 1610//1512 1556//1494
f 1556//1494 1602//1619 1578//1510
f 1564//1553 1590//1536 1633//1637
f 239//350 291//427 293//422
f 681//735 743//752 693//502
f 7//26 28//133 40//299
f 481//1329 451//980 531//457
f 1578//1510 1602//1619 1582//1545
f 1318//972 1371//941 1315//1214
f 165//128 161//35 156//118
f 708//331 891//330 873//420
f 213//348 280//534 185//275
f 722//434 807//575 634//510
f 369//463 445//1206 366//438
f 364//442 472//536 440//574
f 1610//1512 1602//1619 1556//1494
f 608//885 697//749 619//909
f 1599//1478 1625//1653 1586//1575
f 503//520 610//831 608//885
f 226//395 239//350 293//422
f 634//510 807//575 733//852
f 994//337 982//236 924//273
f 1572//1403 1544//1387 1501//1428
f 1579//1424 1603//1492 1610//1512
f 1251//849 1173//689 1201//699
f 737//156 754//284 782//398
f 1564//1553 1635//1616 1583//1670
f 691//960 749//814 681//735
f 1603//1492 1649//1516 1610//1512
f 1602//1619 1610//1512 1640//1607
f 608//885 610//831 697//749
f 503//520 608//885 561//817
f 1633//1637 1635//1616 1564//1553
f 654//443 713//739 664//498
f 163//526 174//641 87//340
f 284//714 354//639 265//487
f 579//667 610//831 503//520
f 370//435 454//518 413//521
f 457//617 520//825 537//820
f 609//599 649//543 680//372
f 1619//1460 1656//1496 1649//1516
f 1610//1512 1669//1620 1640//1607
f 502//400 598//257 531//457
f 510//1501 545//1563 558//1586
f 265//487 354//639 224//411
f 236//377 332//459 239//350
f 1643//1538 1667//1178 1607//1307
f 236//377 355//544 332//459
f 354//639 422//496 224//411
f 664//498 747//889 715//614
f 681//735 693//502 635//628
f 771//694 780//716 720//982
f 422//496 370//435 224//411
f 162//237 223//328 239//350
f 571//876 720//982 691//960
f 812//577 826//666 770//1010
f 224//411 370//435 309//486
f 1607//1307 1667//1178 1668//1238
f 223//328 280//534 355//544
f 189//478 284//714 265//487
f 806//794 808//808 743//752
f 1674//1385 1667//1178 1643//1538
f 309//486 324//548 280//534
f 213//348 309//486 280//534
f 579//667 750//943 610//831
f 1656//1496 1685//1542 1649//1516
f 1649//1516 1685//1542 1669//1620
f 477//1514 545//1563 510//1501
f 1080//1144 1039//899 1077//1585
f 1014//381 1028//213 1038//547
f 520//825 532//818 681//735
f 1369//1141 1443//1029 1441//1049
f 1667//1178 1694//1130 1668//1238
f 1191//1084 1308//1300 1245//1209
f 1674//1385 1694//1130 1667//1178
f 150//315 229//557 141//333
f 337//323 472//536 364//442
f 495//556 503//520 561//817
f 280//534 324//548 355//544
f 1668//1238 1694//1130 1699//1359
f 542//638 579//667 503//520
f 580//996 681//735 635//628
f 81//294 143//449 122//361
f 1692//1376 1694//1130 1674//1385
f 141//333 194//530 128//370
f 848//531 942//891 905//894
f 385//474 551//410 472//536
f 422//496 527//631 454//518
f 619//909 720//982 571//876
f 654//443 664//498 576//295
f 128//370 194//530 152//450
f 465//709 388//1142 530//1134
f 152//450 194//530 189//478
f 1699//1359 1694//1130 1727//1383
f 351//369 337//323 285//197
f 285//197 337//323 302//217
f 284//714 388//1142 354//639
f 571//876 691//960 532//818
f 331//956 489//1369 388//1142
f 1692//1376 1732//1128 1694//1130
f 1750//926 1732//1128 1692//1376
f 1701//1564 1750//926 1692//1376
f 194//530 335//1082 331//956
f 860//508 1014//381 1038//547
f 1027//1188 1013//1009 908//1058
f 1027//1188 1095//1240 1127//1070
f 1701//1564 1730//1534 1750//926
f 1713//1728 1730//1534 1701//1564
f 1694//1130 1732//1128 1756//1407
f 1694//1130 1756//1407 1727//1383
f 1027//1188 1127//1070 1013//1009
f 527//631 542//638 454//518
f 433//579 553//469 528//401
f 189//478 194//530 284//714
f 1727//1383 1770//1527 1740//1476
f 1750//926 1769//1362 1732//1128
f 1727//1383 1756//1407 1770//1527
f 489//1369 438//1443 510//1501
f 335//1082 438//1443 489//1369
f 748//712 761//658 833//515
f 223//328 355//544 236//377
f 221//46 248//417 261//358
f 1732//1128 1769//1362 1756//1407
f 463//490 503//520 495//556
f 388//1142 489//1369 603//1117
f 1100//320 1075//310 1018//332
f 1315//1214 1412//1159 1369//1141
f 1769//1362 1772//1223 1780//1569
f 1769//1362 1777//1611 1756//1407
f 141//333 229//557 194//530
f 432//1781 378//1676 429//1787
f 1418//1303 1440//1400 1484//1431
f 542//638 632//867 678//790
f 1769//1362 1780//1569 1777//1611
f 708//331 634//510 531//457
f 853//766 905//894 908//1058
f 213//348 224//411 309//486
f 495//556 500//616 447//594
f 447//594 500//616 532//818
f 841//391 902//768 826//666
f 189//478 188//384 122//361
f 324//548 309//486 443//529
f 841//391 849//296 902//768
f 388//1142 603//1117 530//1134
f 1367//903 1447//1264 1381//895
f 1281//835 1325//944 1270//776
f 870//1189 909//1039 831//910
f 1529//1473 1563//1286 1577//1423
f 1265//746 1277//1094 1210//725
f 1395//883 1432//1158 1367//903
f 831//910 909//1039 843//913
f 870//1189 835//1361 931//1192
f 812//577 841//391 826//666
f 1529//1473 1577//1423 1533//1470
f 1123//311 1151//785 1179//390
f 1100//320 1151//785 1123//311
f 1204//1171 1191//1084 1245//1209
f 788//1107 870//1189 831//910
f 795//1227 835//1361 870//1189
f 1533//1470 1577//1423 1603//1492
f 609//599 599//624 535//623
f 1744//1766 1730//1534 1722//1750
f 854//1187 724//927 826//666
f 646//802 634//510 733//852
f 788//1107 795//1227 870//1189
f 832//1302 835//1361 718//1162
f 1191//1084 1223//937 1288//1197
f 472//536 535//623 499//622
f 472//536 499//622 440//574
f 1573//1448 1545//1412 1642//1557
f 901//940 932//898 884//441
f 718//1162 835//1361 795//1227
f 1509//1327 1575//1348 1540//1279
f 512//349 551//410 385//474
f 1759//1798 1762//1746 1761//1733
f 1432//1158 1481//1288 1509//1327
f 1213//879 1265//746 1174//854
f 706//869 831//910 843//913
f 706//869 788//1107 831//910
f 1783//1322 1793//1672 1790//1629
f 1657//1525 1687//1641 1637//1541
f 1503//892 1506//1167 1543//1246
f 592//1539 630//1761 665//1577
f 699//965 788//1107 706//869
f 699//965 795//1227 788//1107
f 703//900 718//1162 795//1227
f 709//1452 832//1302 718//1162
f 1511//1393 1563//1286 1529//1473
f 1426//1119 1545//1412 1518//1349
f 1473//1244 1545//1412 1426//1119
f 1318//972 1381//895 1371//941
f 1565//1413 1618//1467 1575//1348
f 1281//835 1348//908 1325//944
f 1781//1169 1788//1486 1783//1322
f 909//1039 1015//781 903//784
f 703//900 795//1227 699//965
f 1637//1541 1687//1641 1679//1609
f 1743//1457 1768//1243 1772//1223
f 1166//662 1205//585 1270//776
f 1103//621 1150//660 987//1028
f 1172//727 1223//937 1128//734
f 706//869 843//913 678//790
f 688//1485 709//1452 718//1162
f 1094//559 978//750 991//673
f 1171//882 1271//970 1142//759
f 633//721 703//900 699//965
f 665//1577 688//1485 718//1162
f 1688//1621 1726//1725 1707//1711
f 1291//823 1367//903 1318//972
f 1123//311 1179//390 1075//310
f 1333//396 1311//589 1360//415
f 633//721 699//965 706//869
f 665//1577 670//1709 688//1485
f 1053//729 1102//792 1015//781
f 979//318 891//330 789//316
f 1772//1223 1789//1695 1780//1569
f 1655//1529 1676//1635 1627//1436
f 637//1309 718//1162 703//900
f 637//1309 665//1577 718//1162
f 1150//660 1166//662 1082//856
f 1315//1214 1371//941 1412//1159
f 1271//970 1336//1126 1283//1020
f 1151//785 1113//800 1136//1679
f 1031//815 1082//856 985//875
f 633//721 706//869 632//867
f 603//1117 703//900 633//721
f 637//1309 703//900 603//1117
f 1597//1483 1642//1557 1618//1467
f 688//1485 670//1709 709//1452
f 592//1539 665//1577 637//1309
f 985//875 1053//729 1015//781
f 603//1117 633//721 541//606
f 1679//1609 1720//1724 1726//1725
f 406//242 357//104 343//39
f 592//1539 637//1309 603//1117
f 1425//1284 1488//1249 1482//1441
f 1441//1049 1488//1249 1425//1284
f 1223//937 1283//1020 1329//1185
f 1760//1599 1761//1733 1768//1243
f 1761//1733 1762//1746 1768//1243
f 1655//1529 1642//1557 1676//1635
f 498//731 603//1117 541//606
f 530//1134 603//1117 498//731
f 1642//1557 1673//1677 1676//1635
f 1336//1126 1441//1049 1425//1284
f 1035//413 1079//592 1063//523
f 527//631 541//606 633//721
f 1772//1223 1790//1629 1789//1695
f 1103//621 1249//676 1205//585
f 860//508 1038//547 942//891
f 1063//523 1133//777 1072//596
f 558//1586 592//1539 489//1369
f 734//1395 711//1561 660//1639
f 1068//538 1044//648 1034//760
f 1128//734 1223//937 1191//1084
f 1577//1423 1619//1460 1603//1492
f 931//1192 1031//815 985//875
f 481//1329 531//457 590//1088
f 1447//1264 1432//1158 1509//1327
f 1310//881 1264//1050 1328//1032
f 465//709 541//606 422//496
f 465//709 498//731 541//606
f 465//709 530//1134 498//731
f 1563//1286 1612//1477 1619//1460
f 456//1708 481//1329 477//1514
f 1102//792 1065//719 1015//781
f 1271//970 1283//1020 1223//937
f 1179//390 1186//1225 1218//897
f 1783//1322 1790//1629 1772//1223
f 1108//984 1102//792 1174//854
f 1760//1599 1768//1243 1743//1457
f 1082//856 1166//662 1053//729
f 1150//660 1205//585 1166//662
f 481//1329 590//1088 477//1514
f 1618//1467 1655//1529 1627//1436
f 1425//1284 1399//1353 1329//1185
f 1090//934 1142//759 1051//613
f 438//1443 477//1514 510//1501
f 1213//879 1291//823 1318//972
f 539//245 598//257 502//400
f 466//357 539//245 502//400
f 829//456 999//288 860//508
f 1141//718 1252//896 1213//879
f 575//1771 518//1643 548//1757
f 517//252 539//245 466//357
f 416//1568 458//1764 445//1206
f 1249//676 1281//835 1205//585
f 1506//1167 1540//1279 1543//1246
f 860//508 942//891 848//531
f 1051//613 1079//592 1035//413
f 1223//937 1329//1185 1288//1197
f 1270//776 1325//944 1291//823
f 843//913 750//943 678//790
f 466//357 502//400 451//980
f 1063//523 1128//734 1133//777
f 1482//1441 1488//1249 1511//1393
f 1509//1327 1565//1413 1575//1348
f 259//92 271//91 249//40
f 451//980 481//1329 456//1708
f 425//652 466//357 451//980
f 1469//1172 1518//1349 1481//1288
f 1205//585 1281//835 1270//776
f 952//1235 1031//815 931//1192
f 985//875 1082//856 1053//729
f 1053//729 1120//842 1102//792
f 1249//676 1348//908 1281//835
f 1325//944 1395//883 1291//823
f 1079//592 1128//734 1063//523
f 404//1618 451//980 456//1708
f 1481//1288 1518//1349 1565//1413
f 1369//1141 1412//1159 1443//1029
f 351//369 512//349 385//474
f 404//1618 456//1708 409//1752
f 359//1334 451//980 404//1618
f 359//1334 425//652 451//980
f 1653//1543 1679//1609 1688//1621
f 1582//1545 1638//1604 1625//1653
f 1174//854 1210//725 1134//855
f 1582//1545 1625//1653 1599//1478
f 940//1523 993//1549 875//1605
f 952//1235 987//1028 1031//815
f 1543//1246 1609//1378 1612//1477
f 1218//897 1217//1738 1242//1700
f 821//738 724//927 854//1187
f 1481//1288 1565//1413 1509//1327
f 1686//1674 1708//1720 1687//1641
f 1065//719 1102//792 1108//984
f 1657//1525 1676//1635 1686//1674
f 1730//1534 1772//1223 1750//926
f 1730//1534 1743//1457 1772//1223
f 1744//1766 1760//1599 1743//1457
f 1484//1431 1529//1473 1533//1470
f 905//894 942//891 1027//1188
f 910//1323 964//1392 890//1479
f 1575//1348 1618//1467 1627//1436
f 1688//1621 1679//1609 1726//1725
f 1166//662 1270//776 1141//718
f 1609//1378 1657//1525 1637//1541
f 797//542 726//1316 710//1062
f 372//1161 398//1631 416//1568
f 1079//592 1172//727 1128//734
f 1612//1477 1653//1543 1619//1460
f 1768//1243 1781//1169 1783//1322
f 1744//1766 1743//1457 1730//1534
f 1656//1496 1653//1543 1685//1542
f 1575//1348 1627//1436 1609//1378
f 1657//1525 1686//1674 1687//1641
f 1367//903 1381//895 1318//972
f 1612//1477 1637//1541 1679//1609
f 1612//1477 1679//1609 1653//1543
f 1265//746 1318//972 1277//1094
f 1518//1349 1573//1448 1597//1483
f 1186//1225 1217//1738 1218//897
f 1102//792 1120//842 1174//854
f 782//398 905//894 853//766
f 1704//1696 1721//1732 1708//1720
f 1653//1543 1688//1621 1685//1542
f 1627//1436 1657//1525 1609//1378
f 832//1302 952//1235 931//1192
f 1597//1483 1618//1467 1565//1413
f 1597//1483 1573//1448 1642//1557
f 1329//1185 1399//1353 1418//1303
f 1511//1393 1488//1249 1563//1286
f 1482//1441 1529//1473 1484//1431
f 1618//1467 1642//1557 1655//1529
f 828//769 853//766 908//1058
f 1325//944 1404//1040 1395//883
f 1511//1393 1529//1473 1482//1441
f 983//1665 940//1523 965//1373
f 1151//785 1136//1679 1168//1660
f 898//491 829//456 779//386
f 1367//903 1432//1158 1447//1264
f 1518//1349 1597//1483 1565//1413
f 1150//660 1082//856 1031//815
f 1453//1067 1464//1140 1411//969
f 1722//1750 1730//1534 1713//1728
f 1443//1029 1506//1167 1503//892
f 1540//1279 1609//1378 1543//1246
f 1015//781 1065//719 903//784
f 633//721 632//867 527//631
f 1482//1441 1484//1431 1440//1400
f 1440//1400 1425//1284 1482//1441
f 987//1028 1150//660 1031//815
f 1284//1177 1315//1214 1369//1141
f 47//229 122//361 104//131
f 104//131 129//221 83//99
f 175//250 130//235 202//281
f 477//1514 590//1088 545//1563
f 509//153 516//6 491//243
f 509//153 491//243 490//423
f 437//298 406//242 363//123
f 108//230 149//269 117//184
f 93//134 123//174 92//248
f 63//152 74//207 51//126
f 81//294 122//361 47//229
f 51//126 81//294 47//229
f 122//361 127//239 104//131
f 129//221 105//97 83//99
f 83//99 105//97 85//80
f 96//120 131//151 130//235
f 490//423 491//243 342//343
f 671//468 645//276 533//341
f 645//276 539//245 533//341
f 533//341 539//245 517//252
f 67//114 55//66 84//109
f 117//184 149//269 169//127
f 85//80 91//49 75//77
f 69//75 85//80 75//77
f 64//42 75//77 91//49
f 130//235 131//151 202//281
f 472//536 609//599 535//623
f 491//243 516//6 522//103
f 117//184 169//127 136//219
f 62//177 92//248 63//152
f 104//131 127//239 129//221
f 64//42 91//49 109//148
f 90//94 106//161 132//178
f 72//112 106//161 90//94
f 90//94 131//151 96//120
f 292//203 342//343 351//369
f 539//245 645//276 598//257
f 149//269 196//195 169//127
f 123//174 141//333 92//248
f 63//152 92//248 74//207
f 74//207 81//294 51//126
f 105//97 129//221 113//155
f 91//49 99//84 109//148
f 64//42 109//148 106//161
f 64//42 106//161 72//112
f 90//94 132//178 131//151
f 279//356 228//289 376//495
f 508//74 522//103 516//6
f 491//243 512//349 351//369
f 46//12 58//4 37//65
f 184//251 214//304 180//206
f 136//219 150//315 123//174
f 92//248 128//370 74//207
f 85//80 105//97 116//157
f 91//49 85//80 99//84
f 131//151 160//272 202//281
f 202//281 293//422 228//289
f 508//74 511//314 563//198
f 491//243 522//103 512//349
f 597//190 604//309 644//53
f 292//203 351//369 285//197
f 758//326 690//263 645//276
f 645//276 690//263 598//257
f 136//219 169//127 192//181
f 123//174 150//315 141//333
f 1688//1621 1707//1711 1685//1542
f 188//384 201//293 127//239
f 105//97 113//155 116//157
f 85//80 116//157 99//84
f 508//74 563//198 522//103
f 1113//800 1080//1144 1136//1679
f 598//257 690//263 708//331
f 488//609 528//401 511//314
f 136//219 192//181 150//315
f 1768//1243 1783//1322 1772//1223
f 1134//855 1198//836 1171//882
f 1051//613 1142//759 1079//592
f 127//239 201//293 129//221
f 202//281 160//272 293//422
f 228//289 293//422 376//495
f 511//314 528//401 563//198
f 522//103 563//198 551//410
f 522//103 551//410 512//349
f 59//117 71//107 76//100
f 31//241 14//136 65//351
f 196//195 183//3 169//127
f 169//127 177//52 192//181
f 1284//1177 1369//1141 1271//970
f 129//221 201//293 224//411
f 131//151 162//237 160//272
f 160//272 226//395 293//422
f 351//369 385//474 337//323
f 10//25 28//133 7//26
f 170//71 184//251 180//206
f 184//251 170//71 161//35
f 183//3 177//52 169//127
f 1103//621 1205//585 1150//660
f 1142//759 1172//727 1079//592
f 1563//1286 1619//1460 1577//1423
f 99//84 116//157 139//226
f 109//148 134//216 106//161
f 106//161 134//216 132//178
f 132//178 162//237 131//151
f 809//1114 910//1323 734//1395
f 758//326 789//316 690//263
f 845//379 889//194 857//336
f 183//3 208//17 177//52
f 192//181 177//52 195//51
f 192//181 195//51 242//360
f 1120//842 1141//718 1213//879
f 835//1361 832//1302 931//1192
f 1277//1094 1318//972 1315//1214
f 1120//842 1213//879 1174//854
f 1166//662 1141//718 1053//729
f 99//84 139//226 109//148
f 132//178 134//216 162//237
f 564//477 442//388 406//242
f 192//181 242//360 247//447
f 1627//1436 1676//1635 1657//1525
f 1053//729 1141//718 1120//842
f 129//221 224//411 213//348
f 113//155 129//221 213//348
f 162//237 239//350 226//395
f 1336//1126 1425//1284 1329//1185
f 5//21 16//113 21//186
f 758//326 645//276 671//468
f 6//29 22//28 7//26
f 35//200 13//72 6//29
f 183//3 186//73 208//17
f 177//52 208//17 195//51
f 139//226 185//275 109//148
f 109//148 185//275 134//216
f 134//216 153//209 162//237
f 705//305 759//359 744//154
f 1518//1349 1545//1412 1573//1448
f 57//57 42//1 54//31
f 114//108 73//180 82//16
f 13//72 37//65 22//28
f 13//72 22//28 6//29
f 542//638 503//520 443//529
f 746//558 759//359 705//305
f 116//157 113//155 213//348
f 116//157 185//275 139//226
f 877//406 789//316 758//326
f 877//406 979//318 789//316
f 789//316 891//330 690//263
f 114//108 57//57 97//165
f 195//51 208//17 197//15
f 761//658 972//635 945//519
f 116//157 213//348 185//275
f 134//216 185//275 153//209
f 1271//970 1369//1141 1336//1126
f 4//44 11//85 1//5
f 1590//1536 1621//1657 1633//1637
f 186//73 209//11 208//17
f 208//17 209//11 197//15
f 748//712 833//515 771//694
f 1//5 12//62 5//21
f 1283//1020 1336//1126 1329//1185
f 978//750 934//932 991//673
f 242//360 195//51 260//394
f 242//360 260//394 266//573
f 42//1 56//30 53//10
f 223//328 236//377 239//350
f 186//73 176//143 209//11
f 195//51 197//15 260//394
f 33//38 41//41 58//4
f 153//209 185//275 223//328
f 1311//589 1408//426 1360//415
f 870//1189 985//875 909//1039
f 915//414 951//47 911//445
f 1065//719 1108//984 1134//855
f 979//318 1018//332 891//330
f 176//143 217//19 209//11
f 209//11 217//19 199//54
f 209//11 199//54 197//15
f 39//124 50//142 23//64
f 79//7 89//18 57//57
f 1413//1256 1428//1153 1411//969
f 947//1091 902//768 932//898
f 1174//854 1265//746 1210//725
f 930//212 948//48 951//47
f 915//414 930//212 951//47
f 705//305 695//98 680//372
f 680//372 695//98 673//324
f 29//106 27//67 24//34
f 37//65 58//4 44//105
f 52//76 46//12 37//65
f 178//27 172//140 176//143
f 1336//1126 1369//1141 1441//1049
f 892//500 913//185 930//212
f 10//25 22//28 2//24
f 1041//382 1100//320 979//318
f 979//318 1100//320 1018//332
f 197//15 261//358 260//394
f 28//133 10//25 3//63
f 10//25 2//24 3//63
f 26//60 38//255 29//106
f 479//260 586//193 566//344
f 913//185 948//48 930//212
f 911//445 951//47 949//297
f 859//545 911//445 949//297
f 705//305 744//154 695//98
f 673//324 695//98 689//55
f 274//419 190//346 171//261
f 553//469 654//443 576//295
f 133//225 103//279 114//108
f 586//193 620//223 566//344
f 1191//1084 1204//1171 1133//777
f 1213//879 1318//972 1265//746
f 913//185 912//139 948//48
f 623//88 606//8 589//166
f 217//19 176//143 227//23
f 44//105 4//44 22//28
f 942//891 1038//547 1084//1096
f 948//48 912//139 980//115
f 949//297 951//47 971//149
f 949//297 971//149 898//491
f 759//359 779//386 736//171
f 759//359 736//171 744//154
f 371//1415 400//1684 319//962
f 859//545 949//297 898//491
f 176//143 220//215 227//23
f 217//19 227//23 199//54
f 183//3 178//27 186//73
f 1404//1040 1469//1172 1395//883
f 1252//896 1291//823 1213//879
f 864//339 912//139 871//375
f 948//48 970//81 951//47
f 951//47 970//81 971//149
f 1042//678 1048//1044 967//797
f 744//154 707//135 695//98
f 695//98 707//135 689//55
f 1100//320 1123//311 1075//310
f 609//599 680//372 673//324
f 176//143 172//140 220//215
f 589//166 605//9 586//193
f 1219//754 1221//1251 1130//645
f 864//339 879//95 912//139
f 912//139 943//93 980//115
f 744//154 736//171 707//135
f 178//27 166//82 172//140
f 912//139 879//95 943//93
f 44//105 58//4 32//36
f 861//280 879//95 864//339
f 876//89 894//83 879//95
f 879//95 929//121 943//93
f 980//115 970//81 948//48
f 971//149 980//115 999//288
f 970//81 980//115 971//149
f 898//491 971//149 999//288
f 898//491 999//288 829//456
f 779//386 707//135 736//171
f 707//135 729//238 704//146
f 1142//759 1271//970 1172//727
f 220//215 232//61 227//23
f 199//54 227//23 221//46
f 199//54 221//46 197//15
f 943//93 976//90 980//115
f 779//386 829//456 729//238
f 779//386 729//238 707//135
f 178//27 157//2 166//82
f 191//246 157//2 178//27
f 172//140 166//82 222//234
f 222//234 232//61 220//215
f 172//140 222//234 220//215
f 197//15 221//46 261//358
f 876//89 916//86 894//83
f 879//95 894//83 929//121
f 929//121 962//129 943//93
f 943//93 962//129 976//90
f 67//114 54//31 55//66
f 1291//823 1395//883 1367//903
f 750//943 843//913 799//1025
f 889//194 916//86 876//89
f 980//115 1028//213 999//288
f 829//456 860//508 729//238
f 1221//1251 1212//1740 1194//1472
f 729//238 860//508 753//278
f 729//238 753//278 737//156
f 889//194 924//273 922//119
f 889//194 922//119 916//86
f 980//115 976//90 1028//213
f 1395//883 1469//1172 1432//1158
f 753//278 754//284 737//156
f 596//397 564//477 467//488
f 102//122 67//114 84//109
f 251//665 211//321 241//501
f 1165//1212 1227//1026 1127//1070
f 945//519 994//337 924//273
f 894//83 916//86 929//121
f 929//121 968//158 962//129
f 564//477 589//166 442//388
f 306//1013 216//717 251//665
f 406//242 394//211 357//104
f 232//61 250//13 227//23
f 924//273 982//236 922//119
f 976//90 962//129 1028//213
f 157//2 164//163 166//82
f 166//82 164//163 222//234
f 994//337 1051//613 1035//413
f 994//337 1035//413 982//236
f 982//236 963//183 922//119
f 929//121 916//86 968//158
f 962//129 1037//307 1028//213
f 606//8 605//9 589//166
f 227//23 250//13 221//46
f 922//119 939//187 916//86
f 916//86 939//187 968//158
f 962//129 1023//254 1037//307
f 968//158 1023//254 962//129
f 1426//1119 1404//1040 1325//944
f 157//2 158//137 164//163
f 158//137 225//345 222//234
f 164//163 158//137 222//234
f 221//46 237//43 267//467
f 1172//727 1271//970 1223//937
f 1023//254 1088//460 1037//307
f 573//265 540//144 644//53
f 232//61 222//234 250//13
f 922//119 963//183 939//187
f 968//158 939//187 1010//308
f 968//158 1010//308 1023//254
f 157//2 159//79 158//137
f 222//234 225//345 244//130
f 222//234 244//130 250//13
f 250//13 237//43 221//46
f 826//666 724//927 770//1010
f 963//183 1011//364 939//187
f 909//1039 985//875 1015//781
f 843//913 909//1039 903//784
f 159//79 154//111 158//137
f 963//183 982//236 1011//364
f 1540//1279 1575//1348 1609//1378
f 805//506 765//1294 793//723
f 158//137 154//111 225//345
f 250//13 269//22 237//43
f 1325//944 1348//908 1426//1119
f 1432//1158 1469//1172 1481//1288
f 14//136 7//26 40//299
f 1270//776 1252//896 1141//718
f 1619//1460 1653//1543 1656//1496
f 357//104 411//306 384//383
f 237//43 263//37 264//312
f 159//79 165//128 156//118
f 159//79 156//118 154//111
f 250//13 289//58 269//22
f 237//43 269//22 263//37
f 357//104 394//211 411//306
f 205//533 159//79 191//246
f 154//111 156//118 225//345
f 87//340 52//76 70//188
f 244//130 289//58 250//13
f 156//118 230//367 225//345
f 225//345 230//367 244//130
f 269//22 275//266 263//37
f 156//118 161//35 230//367
f 230//367 283//204 244//130
f 283//204 289//58 244//130
f 289//58 297//45 269//22
f 269//22 297//45 275//266
f 170//71 180//206 161//35
f 161//35 180//206 230//367
f 354//639 465//709 422//496
f 38//255 68//403 29//106
f 1048//1044 1073//1261 910//1323
f 297//45 317//402 296//371
f 214//304 245//317 180//206
f 245//317 283//204 230//367
f 180//206 245//317 230//367
f 289//58 334//132 297//45
f 297//45 334//132 336//334
f 1404//1040 1518//1349 1469//1172
f 297//45 336//334 317//402
f 283//204 334//132 289//58
f 277//424 320//338 245//317
f 1404//1040 1426//1119 1518//1349
f 245//317 320//338 283//204
f 283//204 320//338 334//132
f 334//132 369//463 366//438
f 1348//908 1473//1244 1426//1119
f 690//263 891//330 708//331
f 369//463 416//1568 445//1206
f 445//1206 431//1319 366//438
f 88//355 35//200 31//241
f 892//500 930//212 881//682
f 644//53 540//144 555//258
f 612//210 555//258 620//223
f 487//313 452//167 476//179
f 1139//516 1115//244 1097//485
f 671//468 536//625 687//1004
f 1148//598 1105//627 1086//393
f 1092//1239 1000//524 1058//938
f 1780//1569 1789//1695 1777//1611
f 70//188 37//65 86//233
f 86//233 37//65 66//205
f 873//420 958//505 846//546
f 708//331 775//432 722//434
f 902//768 849//296 884//441
f 187//327 138//249 167//270
f 833//515 924//273 889//194
f 555//258 525//418 620//223
f 620//223 525//418 566//344
f 397//290 348//68 386//453
f 133//225 114//108 140//202
f 185//275 280//534 223//328
f 1170//945 1131//763 1105//627
f 1000//524 1001//476 955//374
f 1086//393 1068//538 1021//407
f 163//526 87//340 101//352
f 66//205 37//65 35//200
f 561//817 608//885 619//909
f 525//418 420//399 487//313
f 487//313 420//399 452//167
f 536//625 671//468 533//341
f 101//352 87//340 70//188
f 70//188 52//76 37//65
f 35//200 6//29 31//241
f 211//321 138//249 187//327
f 939//187 1036//416 1010//308
f 388//1142 465//709 354//639
f 402//208 459//301 363//123
f 995//566 957//1324 918//704
f 623//88 589//166 596//397
f 26//60 33//38 46//12
f 37//65 13//72 35//200
f 190//346 167//270 120//145
f 958//505 1078//470 1042//678
f 1364//1283 1329//1185 1418//1303
f 881//682 915//414 818//1065
f 350//199 357//104 387//182
f 452//167 420//399 412//162
f 6//29 14//136 31//241
f 880//1109 821//738 854//1187
f 1198//836 1210//725 1271//970
f 955//374 925//373 900//271
f 1018//332 1075//310 958//505
f 211//321 140//202 138//249
f 138//249 115//159 167//270
f 167//270 115//159 120//145
f 68//403 108//230 29//106
f 905//894 1027//1188 908//1058
f 364//442 440//574 403//512
f 555//258 540//144 509//153
f 555//258 509//153 525//418
f 420//399 525//418 360//408
f 420//399 338//285 412//162
f 1091//954 1044//648 1068//538
f 191//246 159//79 157//2
f 720//982 780//716 749//814
f 278//755 388//1142 284//714
f 848//531 905//894 782//398
f 1006//493 1003//522 925//373
f 525//418 509//153 490//423
f 490//423 360//408 525//418
f 420//399 360//408 338//285
f 536//625 585//1351 687//1004
f 859//545 898//491 779//386
f 140//202 97//165 138//249
f 138//249 95//176 115//159
f 1073//1261 1032//1399 964//1392
f 755//499 674//268 728//587
f 118//428 152//450 143//449
f 581//282 497//528 507//365
f 412//162 301//227 418//475
f 861//280 857//336 876//89
f 783//778 761//658 719//832
f 1230//619 1180//696 1193//481
f 97//165 95//176 138//249
f 731//647 781//479 671//468
f 459//301 402//208 475//452
f 241//501 211//321 187//327
f 597//190 560//484 604//309
f 140//202 114//108 97//165
f 95//176 67//114 115//159
f 115//159 102//122 120//145
f 881//682 930//212 915//414
f 1062//175 1019//264 1040//222
f 1001//476 1006//493 925//373
f 1003//522 918//704 896//342
f 1115//244 1040//222 1067//404
f 1148//598 1086//393 1146//601
f 726//1316 657//1272 642//1069
f 52//76 87//340 26//60
f 793//723 726//1316 797//542
f 115//159 67//114 102//122
f 818//1065 915//414 911//445
f 338//285 360//408 301//227
f 52//76 26//60 46//12
f 246//405 187//327 167//270
f 606//8 597//190 605//9
f 1545//1412 1588//1507 1642//1557
f 856//218 793//723 797//542
f 780//716 771//694 857//336
f 360//408 308//287 301//227
f 961//231 986//378 1030//172
f 389//612 447//594 355//544
f 182//610 148//466 193//513
f 780//716 861//280 806//794
f 961//231 1030//172 1054//292
f 1235//1760 1208//1685 1237//1772
f 95//176 97//165 54//31
f 1219//754 1250//1789 1234//1589
f 160//272 162//237 226//395
f 892//500 881//682 804//995
f 308//287 256//70 301//227
f 572//1052 475//452 556//904
f 888//283 856//218 797//542
f 1131//763 1091//954 1105//627
f 1003//522 1007//483 918//704
f 348//68 363//123 343//39
f 313//600 288//591 300//464
f 95//176 54//31 67//114
f 1233//703 1105//627 1148//598
f 1675//1193 1678//1053 1652//1411
f 343//39 357//104 350//199
f 757//657 679//376 755//499
f 614//141 573//265 644//53
f 890//1479 815//1524 734//1395
f 258//861 205//533 191//246
f 906//347 1003//522 896//342
f 200//325 204//191 238//454
f 644//53 555//258 612//210
f 291//427 457//617 433//579
f 386//453 348//68 361//429
f 343//39 350//199 341//56
f 825//757 911//445 859//545
f 1678//1053 1670//1570 1652//1411
f 107//319 66//205 88//355
f 443//529 389//612 324//548
f 97//165 57//57 54//31
f 947//1091 965//1373 902//768
f 1058//938 998//480 1016//846
f 375//602 190//346 274//419
f 896//342 816//668 805//506
f 597//190 581//282 560//484
f 147//554 86//233 107//319
f 357//104 384//383 387//182
f 155//692 107//319 145//562
f 66//205 35//200 88//355
f 389//612 463//490 447//594
f 308//287 342//343 256//70
f 506//605 557//637 467//488
f 107//319 86//233 66//205
f 1125//564 1098//302 1156//684
f 1011//364 1036//416 939//187
f 101//352 70//188 86//233
f 98//561 88//355 31//241
f 747//889 804//995 818//1065
f 256//70 342//343 271//91
f 1189//1729 1138//1588 1137//1638
f 1233//703 1148//598 1196//715
f 336//334 366//438 401//1490
f 900//271 856//218 888//283
f 587//232 581//282 606//8
f 342//343 292//203 271//91
f 256//70 271//91 259//92
f 763//843 818//1065 825//757
f 818//1065 911//445 825//757
f 145//562 119//586 148//466
f 271//91 292//203 273//138
f 271//91 273//138 249//40
f 264//312 275//266 295//1115
f 147//554 101//352 86//233
f 145//562 88//355 119//586
f 1021//407 977//644 966//430
f 1040//222 995//566 1007//483
f 1117//669 1046//247 1054//292
f 148//466 119//586 142//550
f 142//550 119//586 98//561
f 119//586 88//355 98//561
f 861//280 876//89 879//95
f 1125//564 1071//286 1098//302
f 557//637 596//397 467//488
f 755//499 679//376 674//268
f 145//562 107//319 88//355
f 743//752 808//808 713//739
f 300//464 167//270 190//346
f 246//405 167//270 300//464
f 896//342 918//704 855//773
f 241//501 187//327 246//405
f 1075//310 1078//470 958//505
f 238//454 204//191 196//195
f 961//231 941//939 986//378
f 163//526 101//352 147//554
f 288//591 241//501 246//405
f 1146//601 1086//393 1074//380
f 1064//695 1001//476 1000//524
f 506//605 437//298 459//301
f 506//605 467//488 437//298
f 708//331 873//420 775//432
f 1110//240 1019//264 1062//175
f 625//224 587//232 623//88
f 416//1568 398//1631 439//1765
f 1001//476 925//373 955//374
f 1154//482 1110//240 1115//244
f 972//635 994//337 945//519
f 1596//1218 1668//1238 1636//1199
f 1225//774 1126//816 1129//906
f 587//232 494//620 581//282
f 606//8 581//282 597//190
f 459//301 437//298 363//123
f 1193//481 1154//482 1188//583
f 775//432 846//546 807//575
f 1170//945 1105//627 1233//703
f 925//373 856//218 900//271
f 925//373 1003//522 906//347
f 632//867 706//869 678//790
f 454//518 542//638 413//521
f 597//190 644//53 605//9
f 856//218 805//506 793//723
f 204//191 178//27 183//3
f 1030//172 986//378 1019//264
f 1098//302 1030//172 1110//240
f 519//634 459//301 475//452
f 1194//1472 1189//1729 1106//1459
f 373//1721 367//1636 321//1396
f 300//464 190//346 375//602
f 925//373 906//347 856//218
f 204//191 200//325 178//27
f 1007//483 1003//522 1067//404
f 781//479 758//326 671//468
f 1021//407 966//430 1029//189
f 1110//240 1062//175 1115//244
f 1117//669 1074//380 1046//247
f 906//347 896//342 856//218
f 356//535 313//600 300//464
f 494//620 497//528 581//282
f 807//575 967//797 733//852
f 1058//938 1000//524 998//480
f 1054//292 1030//172 1071//286
f 443//529 463//490 389//612
f 679//376 625//224 674//268
f 445//1206 458//1764 460//1782
f 1034//760 1017//998 1021//407
f 500//616 495//556 571//876
f 293//422 433//579 376//495
f 193//513 148//466 142//550
f 625//224 623//88 674//268
f 1046//247 961//231 1054//292
f 1113//800 1100//320 1041//382
f 679//376 611//571 625//224
f 621//584 674//268 596//397
f 1068//538 1034//760 1021//407
f 1146//601 1074//380 1117//669
f 305//804 349//1444 310//920
f 896//342 855//773 816//668
f 1019//264 995//566 1040//222
f 1115//244 1062//175 1040//222
f 1074//380 1086//393 1029//189
f 896//342 805//506 856//218
f 1130//645 1111//1048 1048//1044
f 1029//189 966//430 961//231
f 1080//1144 1113//800 1041//382
f 995//566 918//704 1007//483
f 1030//172 1019//264 1110//240
f 809//1114 1048//1044 910//1323
f 319//962 335//1082 229//557
f 581//282 507//365 560//484
f 165//128 184//251 161//35
f 1029//189 1086//393 1021//407
f 1105//627 1068//538 1086//393
f 1071//286 1030//172 1098//302
f 621//584 557//637 506//605
f 36//125 63//152 17//102
f 71//107 72//112 90//94
f 851//1405 865//979 790//1191
f 307//1453 258//861 314//1466
f 304//1202 234//758 270//1315
f 96//120 126//173 125//164
f 1514//1402 1466//1265 1451//1146
f 1519//1391 1466//1265 1534//1414
f 327//1532 304//1202 270//1315
f 1574//1394 1521//1275 1555//1330
f 676//1748 702//1739 742//1504
f 1494//1356 1451//1146 1449//1160
f 1466//1265 1514//1402 1534//1414
f 593//1774 565//1755 600//1719
f 359//1334 282//890 425//652
f 739//1023 692//1590 675//1112
f 940//1523 854//1187 902//768
f 1201//699 1170//945 1233//703
f 1514//1402 1451//1146 1494//1356
f 1519//1391 1534//1414 1598//1528
f 17//102 63//152 16//113
f 861//280 864//339 806//794
f 2//24 1//5 3//63
f 1240//805 1233//703 1196//715
f 1534//1414 1514//1402 1542//1389
f 421//1734 339//1487 380//1688
f 938//779 990//555 877//406
f 1542//1389 1514//1402 1494//1356
f 1589//1442 1534//1414 1542//1389
f 1598//1528 1534//1414 1589//1442
f 1519//1391 1598//1528 1624//1566
f 1588//1507 1519//1391 1624//1566
f 990//555 979//318 877//406
f 270//1315 254//1181 326//1502
f 996//887 1103//621 987//1028
f 1542//1389 1494//1356 1521//1275
f 68//403 215//497 149//269
f 53//10 75//77 64//42
f 1588//1507 1624//1566 1642//1557
f 984//1003 836//1120 997//953
f 360//408 342//343 308//287
f 1542//1389 1521//1275 1574//1394
f 325//1054 174//641 218//772
f 1589//1442 1542//1389 1574//1394
f 276//809 146//603 174//641
f 1401//838 1310//881 1328//1032
f 1349//857 1310//881 1401//838
f 870//1189 931//1192 985//875
f 1624//1566 1598//1528 1661//1666
f 1642//1557 1624//1566 1673//1677
f 175//250 228//289 210//274
f 1111//1048 1194//1472 1106//1459
f 46//12 33//38 58//4
f 1444//1122 1406//1429 1384//928
f 486//385 533//341 517//252
f 325//1054 218//772 243//1133
f 473//1259 468//1381 518//1643
f 1264//1050 1233//703 1328//1032
f 1168//1660 1136//1679 1176//1689
f 1598//1528 1589//1442 1650//1596
f 990//555 938//779 1005//1422
f 648//1743 600//1719 702//1739
f 1589//1442 1574//1394 1650//1596
f 1624//1566 1661//1666 1673//1677
f 540//144 478//431 508//74
f 1046//247 1029//189 961//231
f 380//1688 340//1595 362//1714
f 1661//1666 1598//1528 1650//1596
f 601//1698 538//1571 575//1771
f 1650//1596 1574//1394 1617//1426
f 1773//1573 1765//1508 1752//1445
f 515//1331 396//1036 473//1259
f 268//916 200//325 238//454
f 304//1202 327//1532 398//1631
f 205//533 184//251 165//128
f 735//1522 866//1301 832//1302
f 339//1487 258//861 298//1397
f 234//758 214//304 184//251
f 303//1366 258//861 339//1487
f 391//1071 396//1036 276//809
f 174//641 146//603 87//340
f 735//1522 742//1504 866//1301
f 374//1628 303//1366 339//1487
f 1650//1596 1617//1426 1645//1567
f 990//555 1039//899 1041//382
f 1661//1666 1650//1596 1677//1701
f 110//160 94//170 135//196
f 1673//1677 1661//1666 1715//1742
f 486//385 517//252 466//357
f 425//652 486//385 466//357
f 327//1532 270//1315 326//1502
f 1025//1297 1039//899 990//555
f 321//1396 367//1636 295//1115
f 408//1753 374//1628 421//1734
f 631//1468 660//1639 630//1761
f 253//771 151//640 146//603
f 492//859 486//385 425//652
f 231//764 253//771 146//603
f 1661//1666 1677//1701 1710//1736
f 1715//1742 1661//1666 1710//1736
f 492//859 282//890 396//1036
f 1650//1596 1645//1567 1698//1694
f 1673//1677 1715//1742 1721//1732
f 282//890 253//771 396//1036
f 1677//1701 1650//1596 1698//1694
f 24//34 34//20 41//41
f 57//57 61//59 42//1
f 1710//1736 1677//1701 1705//1745
f 709//1452 735//1522 832//1302
f 1077//1585 1039//899 1052//1624
f 590//1088 631//1468 545//1563
f 1705//1745 1677//1701 1698//1694
f 738//1602 702//1739 727//1505
f 276//809 174//641 325//1054
f 82//16 79//7 57//57
f 1186//1225 1168//1660 1190//1699
f 822//1033 739//1023 792//839
f 822//1033 836//1120 739//1023
f 727//1505 716//1687 739//1023
f 56//30 69//75 75//77
f 26//60 30//33 33//38
f 409//1752 340//1595 404//1618
f 276//809 231//764 146//603
f 436//1769 367//1636 373//1721
f 593//1774 600//1719 648//1743
f 78//433 68//403 38//255
f 33//38 30//33 41//41
f 468//1381 325//1054 328//1435
f 987//1028 899//1280 996//887
f 866//1301 742//1504 899//1280
f 58//4 41//41 32//36
f 78//433 26//60 87//340
f 1052//1624 1025//1297 1005//1422
f 996//887 899//1280 836//1120
f 135//196 125//164 144//201
f 742//1504 702//1739 738//1602
f 298//1397 258//861 268//916
f 558//1586 630//1761 592//1539
f 801//1208 742//1504 738//1602
f 515//1331 473//1259 538//1571
f 380//1688 362//1714 409//1752
f 536//625 486//385 492//859
f 536//625 533//341 486//385
f 340//1595 268//916 286//1034
f 253//771 282//890 151//640
f 253//771 231//764 396//1036
f 372//1161 304//1202 398//1631
f 938//779 877//406 781//479
f 117//184 136//219 123//174
f 899//1280 801//1208 836//1120
f 1328//1032 1351//1152 1420//1266
f 396//1036 231//764 276//809
f 1074//380 1029//189 1046//247
f 836//1120 727//1505 739//1023
f 277//424 304//1202 323//740
f 16//113 51//126 47//229
f 676//1748 648//1743 702//1739
f 174//641 163//526 218//772
f 727//1505 702//1739 716//1687
f 670//1709 676//1748 735//1522
f 670//1709 735//1522 709//1452
f 725//886 671//468 687//1004
f 400//1684 399//1649 319//962
f 151//640 215//497 68//403
f 276//809 325//1054 391//1071
f 247//447 242//360 319//962
f 865//979 938//779 781//479
f 473//1259 391//1071 468//1381
f 196//195 204//191 183//3
f 378//1676 327//1532 326//1502
f 270//1315 234//758 205//533
f 866//1301 899//1280 987//1028
f 899//1280 742//1504 801//1208
f 151//640 282//890 215//497
f 801//1208 738//1602 727//1505
f 326//1502 254//1181 307//1453
f 282//890 492//859 425//652
f 836//1120 801//1208 727//1505
f 739//1023 716//1687 692//1590
f 832//1302 866//1301 952//1235
f 866//1301 987//1028 952//1235
f 78//433 151//640 68//403
f 254//1181 205//533 258//861
f 378//1676 326//1502 307//1453
f 865//979 731//647 790//1191
f 433//579 537//820 553//469
f 286//1034 282//890 359//1334
f 865//979 781//479 731//647
f 492//859 396//1036 515//1331
f 18//214 21//186 73//180
f 596//397 589//166 564//477
f 73//180 79//7 82//16
f 135//196 94//170 125//164
f 495//556 561//817 619//909
f 1762//1746 1758//1730 1766//1271
f 1762//1746 1766//1271 1768//1243
f 735//1522 676//1748 742//1504
f 1766//1271 1758//1730 1764//1365
f 406//242 442//388 394//211
f 1190//1699 1176//1689 1214//1648
f 1764//1365 1758//1730 1748//1469
f 1757//870 1748//1469 1741//1231
f 1764//1365 1748//1469 1757//870
f 1766//1271 1781//1169 1768//1243
f 891//330 1018//332 873//420
f 1748//1469 1733//1652 1741//1231
f 902//768 854//1187 826//666
f 48//96 36//125 12//62
f 492//859 515//1331 550//1480
f 1774//726 1764//1365 1757//870
f 1774//726 1766//1271 1764//1365
f 1782//1291 1766//1271 1774//726
f 1766//1271 1782//1291 1781//1169
f 363//123 406//242 343//39
f 644//53 636//32 586//193
f 238//454 196//195 215//497
f 1788//1486 1793//1672 1783//1322
f 1793//1672 1788//1486 1799//1749
f 1774//726 1757//870 1776//1055
f 1781//1169 1782//1291 1796//1603
f 339//1487 298//1397 380//1688
f 860//508 848//531 753//278
f 1782//1291 1774//726 1776//1055
f 1781//1169 1796//1603 1788//1486
f 216//717 211//321 251//665
f 1782//1291 1776//1055 1784//1425
f 1796//1603 1782//1291 1794//1659
f 1788//1486 1796//1603 1799//1749
f 374//1628 339//1487 421//1734
f 41//41 34//20 32//36
f 1782//1291 1784//1425 1794//1659
f 1156//684 1110//240 1154//482
f 398//1631 327//1532 378//1676
f 1190//1699 1168//1660 1176//1689
f 1744//1766 1761//1733 1760//1599
f 212//905 182//610 193//513
f 234//758 184//251 205//533
f 261//358 305//804 260//394
f 674//268 623//88 596//397
f 996//887 836//1120 984//1003
f 151//640 78//433 146//603
f 396//1036 391//1071 473//1259
f 1791//1737 1797//1778 1795//1717
f 1801//1795 1797//1778 1791//1737
f 1791//1737 1785//1654 1771//1560
f 1771//1560 1785//1654 1773//1573
f 622//1692 575//1771 615//1768
f 479//260 487//313 476//179
f 833//515 889//194 845//379
f 575//1771 593//1774 615//1768
f 615//1768 593//1774 648//1743
f 1747//1793 1735//1767 1734//1763
f 596//397 557//637 621//584
f 1791//1737 1795//1717 1785//1654
f 807//575 846//546 967//797
f 761//658 945//519 833//515
f 601//1698 575//1771 622//1692
f 1776//1055 1757//870 1767//762
f 1715//1742 1710//1736 1735//1767
f 1710//1736 1705//1745 1735//1767
f 1747//1793 1734//1763 1739//1770
f 1564//1553 1583//1670 1554//1632
f 1356//990 1335//1030 1414//1179
f 1731//1756 1721//1732 1751//1786
f 999//288 1014//381 860//508
f 1735//1767 1705//1745 1734//1763
f 1747//1793 1739//1770 1754//1792
f 1013//1009 885//1155 908//1058
f 1607//1307 1668//1238 1596//1218
f 1800//1777 1792//1713 1797//1778
f 593//1774 575//1771 582//1784
f 173//277 140//202 211//321
f 382//1401 426//1780 352//1418
f 1450//1519 1421//1304 1460//1458
f 1585//1357 1544//1387 1572//1403
f 833//515 845//379 771//694
f 102//122 112//87 120//145
f 1217//1738 1214//1648 1235//1760
f 32//36 12//62 19//78
f 29//106 108//230 45//150
f 1635//1616 1594//1591 1593//1682
f 1662//1702 1697//1707 1664//1669
f 1697//1707 1701//1564 1692//1376
f 566//344 525//418 487//313
f 1473//1244 1519//1391 1545//1412
f 1739//1770 1737//1759 1754//1792
f 1218//897 1242//1700 1219//754
f 34//20 48//96 32//36
f 98//561 31//241 100//539
f 575//1771 548//1757 582//1784
f 582//1784 565//1755 593//1774
f 651//1790 615//1768 648//1743
f 1734//1763 1723//1744 1739//1770
f 1753//1791 1751//1786 1759//1798
f 23//64 50//142 34//20
f 24//34 23//64 34//20
f 54//31 53//10 43//14
f 1664//1669 1674//1385 1643//1538
f 432//1781 429//1787 426//1780
f 582//1784 548//1757 565//1755
f 19//78 12//62 9//50
f 1705//1745 1698//1694 1734//1763
f 460//1782 426//1780 401//1490
f 1164//1449 1138//1588 1189//1729
f 565//1755 548//1757 546//1706
f 1738//1785 1753//1791 1745//1776
f 1515//1475 1554//1632 1525//1518
f 1515//1475 1525//1518 1508//1531
f 782//398 853//766 828//769
f 1669//1620 1689//1681 1666//1646
f 467//488 406//242 437//298
f 1471//1292 1495//1194 1397//1068
f 1703//1693 1724//1741 1725//1747
f 1594//1591 1607//1307 1576//1608
f 1697//1707 1722//1750 1713//1728
f 1576//1608 1552//1461 1546//1579
f 1508//1531 1525//1518 1495//1194
f 1638//1604 1663//1625 1625//1653
f 1707//1711 1703//1693 1689//1681
f 1697//1707 1713//1728 1701//1564
f 580//996 635//628 537//820
f 18//214 5//21 21//186
f 1662//1702 1664//1669 1635//1616
f 646//802 733//852 698//1092
f 1666//1646 1684//1647 1663//1625
f 1612//1477 1609//1378 1637//1541
f 1099//871 1155//973 1059//950
f 108//230 117//184 93//134
f 1621//1657 1646//1668 1633//1637
f 1673//1677 1721//1732 1704//1696
f 1638//1604 1666//1646 1663//1625
f 426//1780 429//1787 423//1783
f 1558//1722 1576//1608 1546//1579
f 1558//1722 1594//1591 1576//1608
f 1640//1607 1669//1620 1666//1646
f 1242//1700 1217//1738 1250//1789
f 441//1797 430//1796 400//1684
f 945//519 924//273 833//515
f 1142//759 1134//855 1171//882
f 1702//1697 1697//1707 1684//1647
f 1408//426 1379//656 1423//465
f 545//1563 630//1761 558//1586
f 1725//1747 1722//1750 1697//1707
f 540//144 508//74 516//6
f 1703//1693 1702//1697 1684//1647
f 1724//1741 1744//1766 1725//1747
f 960//1164 1059//950 1101//988
f 1707//1711 1736//1773 1724//1741
f 77//220 89//18 79//7
f 39//124 45//150 93//134
f 604//309 614//141 644//53
f 1586//1575 1625//1653 1590//1536
f 429//1787 435//1788 423//1783
f 1602//1619 1638//1604 1582//1545
f 1298//1060 1343//1089 1322//997
f 193//513 142//550 203//565
f 1106//1459 1045//1499 1032//1399
f 1687//1641 1708//1720 1720//1724
f 17//102 16//113 5//21
f 39//124 93//134 50//142
f 1298//1060 1322//997 1227//1026
f 797//542 769//873 821//738
f 1212//1740 1189//1729 1194//1472
f 44//105 11//85 4//44
f 77//220 104//131 89//18
f 89//18 104//131 83//99
f 1635//1616 1643//1538 1594//1591
f 1697//1707 1692//1376 1664//1669
f 1554//1632 1593//1682 1536//1606
f 1646//1668 1662//1702 1633//1637
f 1626//1671 1616//1614 1601//1673
f 1626//1671 1601//1673 1608//1576
f 1669//1620 1707//1711 1689//1681
f 1625//1653 1621//1657 1590//1536
f 367//1636 410//1710 345//1471
f 429//1787 381//1690 435//1788
f 423//1783 435//1788 446//1800
f 1664//1669 1643//1538 1635//1616
f 22//28 4//44 2//24
f 1685//1542 1707//1711 1669//1620
f 449//1799 441//1797 415//1751
f 1248//1794 1235//1760 1237//1772
f 1471//1292 1508//1531 1495//1194
f 449//1799 434//1779 441//1797
f 644//53 612//210 636//32
f 1726//1725 1736//1773 1707//1711
f 11//85 9//50 1//5
f 422//496 454//518 370//435
f 83//99 85//80 61//59
f 783//778 937//653 972//635
f 5//21 12//62 17//102
f 110//160 84//109 94//170
f 61//59 85//80 69//75
f 1689//1681 1703//1693 1684//1647
f 1250//1789 1235//1760 1248//1794
f 1554//1632 1536//1606 1525//1518
f 89//18 83//99 61//59
f 1288//1197 1329//1185 1364//1283
f 50//142 93//134 48//96
f 53//10 56//30 75//77
f 441//1797 434//1779 430//1796
f 1703//1693 1725//1747 1702//1697
f 1646//1668 1663//1625 1662//1702
f 1635//1616 1593//1682 1583//1670
f 1583//1670 1593//1682 1554//1632
f 6//29 7//26 14//136
f 32//36 48//96 12//62
f 1702//1697 1725//1747 1697//1707
f 1601//1673 1559//1574 1548//1535
f 1616//1614 1559//1574 1601//1673
f 1212//1740 1208//1685 1189//1729
f 556//904 475//452 484//576
f 623//88 587//232 606//8
f 1602//1619 1640//1607 1638//1604
f 1662//1702 1635//1616 1633//1637
f 9//50 12//62 1//5
f 1686//1674 1704//1696 1708//1720
f 965//1373 940//1523 902//768
f 423//1783 436//1769 373//1721
f 1241//1116 1298//1060 1227//1026
f 1399//1353 1425//1284 1440//1400
f 103//279 73//180 114//108
f 1663//1625 1684//1647 1697//1707
f 21//186 16//113 47//229
f 875//1605 854//1187 940//1523
f 61//59 69//75 56//30
f 319//962 399//1649 335//1082
f 21//186 47//229 77//220
f 360//408 490//423 342//343
f 1252//896 1270//776 1291//823
f 436//1769 449//1799 415//1751
f 854//1187 875//1605 880//1109
f 1049//1006 973//1111 944//1226
f 436//1769 415//1751 410//1710
f 903//784 937//653 783//778
f 27//67 39//124 23//64
f 27//67 29//106 39//124
f 400//1684 430//1796 399//1649
f 435//1788 381//1690 408//1753
f 423//1783 446//1800 436//1769
f 1198//836 1271//970 1171//882
f 175//250 202//281 228//289
f 1536//1606 1558//1722 1546//1579
f 1666//1646 1689//1681 1684//1647
f 1043//863 1090//934 1051//613
f 415//1751 441//1797 400//1684
f 1022//1267 993//1549 983//1665
f 102//122 84//109 112//87
f 1343//1089 1397//1068 1322//997
f 1703//1693 1707//1711 1724//1741
f 449//1799 421//1734 434//1779
f 408//1753 421//1734 449//1799
f 1016//846 974//834 1050//819
f 1106//1459 1189//1729 1137//1638
f 434//1779 409//1752 430//1796
f 3//63 5//21 18//214
f 1663//1625 1697//1707 1662//1702
f 435//1788 408//1753 446//1800
f 1080//1144 1041//382 1039//899
f 37//65 44//105 22//28
f 1799//1749 1800//1777 1801//1795
f 421//1734 380//1688 434//1779
f 937//653 1043//863 1051//613
f 871//375 912//139 913//185
f 48//96 62//177 36//125
f 846//546 958//505 967//797
f 589//166 586//193 442//388
f 394//211 442//388 479//260
f 1250//1789 1248//1794 1234//1589
f 394//211 479//260 411//306
f 16//113 63//152 51//126
f 859//545 779//386 759//359
f 32//36 25//110 44//105
f 415//1751 393//1610 349//1444
f 439//1765 378//1676 432//1781
f 1699//1359 1740//1476 1714//1410
f 1250//1789 1217//1738 1235//1760
f 1197//977 1215//829 1177//1038
f 2//24 4//44 1//5
f 967//797 1048//1044 809//1114
f 475//452 402//208 397//290
f 1//5 5//21 3//63
f 467//488 564//477 406//242
f 1668//1238 1699//1359 1714//1410
f 22//28 10//25 7//26
f 446//1800 449//1799 436//1769
f 1020//1056 973//1111 1049//1006
f 54//31 42//1 53//10
f 55//66 43//14 76//100
f 1492//1390 1454//1416 1501//1428
f 1691//1645 1658//1517 1680//1578
f 1104//1465 956//1151 1008//1409
f 733//852 967//797 809//1114
f 1561//1540 1535//1377 1567//1463
f 1634//1438 1557//1350 1600//1408
f 914//1622 814//1615 820//1640
f 1681//1598 1641//1526 1651//1548
f 1648//1547 1613//1456 1639//1497
f 551//410 609//599 472//536
f 1604//1521 1567//1463 1606//1559
f 1107//1664 975//1642 1056//1530
f 1632//1491 1600//1408 1613//1456
f 1032//1399 1045//1499 964//1392
f 783//778 972//635 761//658
f 1756//1407 1777//1611 1770//1527
f 1513//1420 1479//1513 1476//1404
f 1501//1428 1446//1346 1474//1333
f 956//1151 878//1388 811//1234
f 815//1524 904//1489 774//1554
f 904//1489 839//1278 774//1554
f 1513//1420 1476//1404 1459//1427
f 1651//1548 1641//1526 1611//1546
f 630//1761 651//1790 676//1748
f 1349//857 1260//783 1310//881
f 1310//881 1251//849 1264//1050
f 1528//1190 1560//1430 1502//1371
f 96//120 130//235 126//173
f 914//1622 851//1405 814//1615
f 1796//1603 1794//1659 1800//1777
f 878//1388 820//1640 811//1234
f 811//1234 839//1278 886//1157
f 886//1157 839//1278 904//1489
f 621//584 506//605 595//1085
f 1208//1685 1164//1449 1189//1729
f 1699//1359 1727//1383 1740//1476
f 1561//1540 1517//1493 1500//1434
f 1639//1497 1595//1380 1585//1357
f 1634//1438 1632//1491 1665//1601
f 1355//1195 1254//1310 1331//1237
f 1773//1573 1779//1597 1765//1508
f 1617//1426 1555//1330 1571//1364
f 1574//1394 1555//1330 1617//1426
f 1717//1754 1709//1718 1718//1662
f 1734//1763 1706//1723 1723//1744
f 1310//881 1260//783 1251//849
f 336//334 401//1490 382//1401
f 811//1234 820//1640 773//1481
f 1708//1720 1721//1732 1731//1756
f 1479//1513 1460//1458 1476//1404
f 1645//1567 1617//1426 1634//1438
f 1786//1582 1778//1537 1792//1713
f 1043//863 1065//719 1134//855
f 495//556 619//909 571//876
f 725//886 731//647 671//468
f 1025//1297 990//555 1005//1422
f 1173//689 1147//1103 1201//699
f 820//1640 814//1615 773//1481
f 839//1278 772//1386 774//1554
f 712//1600 653//1758 660//1639
f 380//1688 409//1752 434//1779
f 1414//1179 1394//1268 1483//1168
f 1744//1766 1759//1798 1761//1733
f 814//1615 756//1488 773//1481
f 811//1234 773//1481 839//1278
f 1458//1016 1394//1268 1435//865
f 1615//1617 1587//1593 1620//1592
f 1620//1592 1561//1540 1604//1521
f 1737//1759 1712//1727 1717//1754
f 1505//1363 1501//1428 1474//1333
f 1254//1310 1263//1236 1331//1237
f 839//1278 773//1481 772//1386
f 756//1488 687//1004 685//1454
f 646//802 631//1468 590//1088
f 1733//1652 1717//1754 1718//1662
f 1136//1679 1077//1585 1107//1664
f 1560//1430 1528//1190 1537//1342
f 1572//1403 1505//1363 1541//1433
f 1500//1434 1424//1207 1456//1384
f 773//1481 732//1506 772//1386
f 1483//1168 1394//1268 1458//1016
f 825//757 859//545 759//359
f 1480//1254 1516//1503 1538//1347
f 1606//1559 1567//1463 1553//1447
f 1561//1540 1620//1592 1569//1533
f 1620//1592 1587//1593 1569//1533
f 1176//1689 1136//1679 1107//1664
f 1683//1627 1632//1491 1648//1547
f 1569//1533 1523//1451 1517//1493
f 1742//1775 1753//1791 1736//1773
f 1517//1493 1474//1333 1500//1434
f 773//1481 756//1488 732//1506
f 1092//1239 1064//695 1000//524
f 1787//1712 1771//1560 1770//1527
f 1658//1517 1641//1526 1681//1598
f 1680//1578 1658//1517 1681//1598
f 1779//1597 1763//1305 1746//1382
f 372//1161 416//1568 369//463
f 1792//1713 1778//1537 1779//1597
f 1479//1513 1450//1519 1460//1458
f 1758//1730 1737//1759 1733//1652
f 815//1524 774//1554 734//1395
f 1606//1559 1553//1447 1611//1546
f 1690//1634 1647//1509 1658//1517
f 1083//1587 1008//1409 1045//1499
f 1724//1741 1745//1776 1744//1766
f 1740//1476 1771//1560 1714//1410
f 774//1554 772//1386 712//1600
f 347//1680 373//1721 321//1396
f 774//1554 712//1600 711//1561
f 1516//1503 1501//1428 1544//1387
f 1505//1363 1474//1333 1517//1493
f 1523//1451 1505//1363 1517//1493
f 1629//1613 1585//1357 1622//1583
f 1569//1533 1517//1493 1561//1540
f 1631//1511 1604//1521 1606//1559
f 1659//1572 1630//1594 1647//1509
f 1700//1242 1695//1667 1670//1570
f 1645//1567 1665//1601 1698//1694
f 1263//1236 1254//1310 1220//1252
f 366//438 431//1319 401//1490
f 194//530 331//956 278//755
f 772//1386 732//1506 696//1550
f 1751//1786 1753//1791 1742//1775
f 1639//1497 1613//1456 1595//1380
f 1629//1613 1639//1497 1585//1357
f 1725//1747 1744//1766 1722//1750
f 1770//1527 1771//1560 1740//1476
f 756//1488 685//1454 732//1506
f 772//1386 696//1550 712//1600
f 1104//1465 878//1388 956//1151
f 956//1151 811//1234 886//1157
f 1644//1584 1639//1497 1629//1613
f 1641//1526 1631//1511 1606//1559
f 1176//1689 1153//1581 1214//1648
f 1254//1310 1092//1239 1160//1311
f 1254//1310 1160//1311 1220//1252
f 1008//1409 956//1151 886//1157
f 1535//1377 1479//1513 1513//1420
f 685//1454 696//1550 732//1506
f 1045//1499 904//1489 890//1479
f 1631//1511 1620//1592 1604//1521
f 1207//1180 1241//1116 1165//1212
f 1510//1437 1459//1427 1502//1371
f 470//1147 453//1336 379//1439
f 470//1147 379//1439 383//765
f 696//1550 652//1683 712//1600
f 1502//1371 1475//1332 1537//1342
f 540//144 516//6 509//153
f 1683//1627 1693//1691 1706//1723
f 1479//1513 1456//1384 1450//1519
f 1671//1565 1639//1497 1672//1551
f 1644//1584 1629//1613 1630//1594
f 1670//1570 1651//1548 1626//1671
f 1658//1517 1647//1509 1631//1511
f 1758//1730 1733//1652 1748//1469
f 1779//1597 1746//1382 1765//1508
f 775//432 873//420 846//546
f 712//1600 652//1683 653//1758
f 1535//1377 1500//1434 1479//1513
f 1476//1404 1460//1458 1421//1304
f 1504//1340 1355//1195 1463//1198
f 1709//1718 1681//1598 1695//1667
f 1537//1342 1355//1195 1504//1340
f 1693//1691 1683//1627 1648//1547
f 696//1550 685//1454 622//1692
f 410//1710 415//1751 392//1633
f 1712//1727 1691//1645 1709//1718
f 1712//1727 1690//1634 1691//1645
f 1800//1777 1794//1659 1792//1713
f 1775//1299 1763//1305 1778//1537
f 458//1764 416//1568 439//1765
f 696//1550 622//1692 652//1683
f 630//1761 676//1748 670//1709
f 1785//1654 1795//1717 1773//1573
f 1572//1403 1501//1428 1505//1363
f 1670//1570 1626//1671 1608//1576
f 1741//1231 1733//1652 1729//1098
f 1585//1357 1572//1403 1622//1583
f 1055//1450 921//1562 878//1388
f 1264//1050 1251//849 1233//703
f 1092//1239 1058//938 1096//1213
f 328//1435 325//1054 243//1133
f 653//1758 651//1790 630//1761
f 769//873 724//927 821//738
f 652//1683 615//1768 653//1758
f 1729//1098 1733//1652 1718//1662
f 1648//1547 1639//1497 1671//1565
f 1690//1634 1659//1572 1647//1509
f 1690//1634 1672//1551 1659//1572
f 1632//1491 1634//1438 1600//1408
f 347//1680 423//1783 373//1721
f 1535//1377 1513//1420 1567//1463
f 1693//1691 1648//1547 1671//1565
f 975//1642 914//1622 820//1640
f 1005//1422 959//1446 914//1622
f 1516//1503 1457//1137 1492//1390
f 1056//1530 975//1642 1055//1450
f 1500//1434 1456//1384 1479//1513
f 415//1751 400//1684 393//1610
f 445//1206 460//1782 431//1319
f 1759//1798 1747//1793 1754//1792
f 975//1642 820//1640 921//1562
f 1797//1778 1792//1713 1795//1717
f 1622//1583 1572//1403 1615//1617
f 1093//1285 878//1388 1104//1465
f 1237//1772 1212//1740 1221//1251
f 263//37 275//266 264//312
f 1186//1225 1190//1699 1217//1738
f 1221//1251 1194//1472 1111//1048
f 84//109 80//69 94//170
f 622//1692 585//1351 601//1698
f 1751//1786 1747//1793 1759//1798
f 814//1615 790//1191 756//1488
f 1593//1682 1558//1722 1536//1606
f 1640//1607 1666//1646 1638//1604
f 1758//1730 1754//1792 1737//1759
f 1474//1333 1446//1346 1424//1207
f 1593//1682 1594//1591 1558//1722
f 1759//1798 1754//1792 1762//1746
f 1208//1685 1181//1440 1164//1449
f 460//1782 401//1490 431//1319
f 1616//1614 1537//1342 1559//1574
f 1399//1353 1440//1400 1418//1303
f 1794//1659 1784//1425 1786//1582
f 1052//1624 1005//1422 914//1622
f 68//403 149//269 108//230
f 399//1649 438//1443 335//1082
f 1604//1521 1561//1540 1567//1463
f 1078//470 1219//754 1130//645
f 1794//1659 1786//1582 1792//1713
f 1560//1430 1510//1437 1502//1371
f 1403//1183 1355//1195 1331//1237
f 1576//1608 1607//1307 1568//1370
f 1510//1437 1513//1420 1459//1427
f 595//1085 519//634 572//1052
f 702//1739 669//1735 716//1687
f 716//1687 669//1735 692//1590
f 692//1590 668//1715 663//1580
f 1658//1517 1631//1511 1641//1526
f 229//557 335//1082 194//530
f 1104//1465 1008//1409 1083//1587
f 1206//595 1057//588 1081//551
f 1450//1519 1382//1296 1421//1304
f 669//1735 659//1716 692//1590
f 692//1590 659//1716 668//1715
f 328//1435 287//1462 333//1630
f 1641//1526 1606//1559 1611//1546
f 1712//1727 1693//1691 1690//1634
f 1717//1754 1712//1727 1709//1718
f 1607//1307 1596//1218 1568//1370
f 266//573 310//920 319//962
f 1537//1342 1475//1332 1355//1195
f 1693//1691 1671//1565 1672//1551
f 1454//1416 1416//1230 1391//1222
f 1138//1588 1104//1465 1137//1638
f 1798//1762 1799//1749 1801//1795
f 34//20 50//142 48//96
f 1709//1718 1691//1645 1680//1578
f 1136//1679 1080//1144 1077//1585
f 1206//595 1121//560 1057//588
f 367//1636 436//1769 410//1710
f 1611//1546 1560//1430 1616//1614
f 1709//1718 1680//1578 1681//1598
f 651//1790 648//1743 676//1748
f 600//1719 626//1655 669//1735
f 1630//1594 1620//1592 1647//1509
f 55//66 76//100 84//109
f 1698//1694 1665//1601 1683//1627
f 1698//1694 1683//1627 1706//1723
f 1779//1597 1778//1537 1763//1305
f 352//1418 347//1680 330//1081
f 460//1782 432//1781 426//1780
f 659//1716 641//1705 668//1715
f 668//1715 641//1705 663//1580
f 358//1675 299//1372 294//1196
f 1513//1420 1510//1437 1553//1447
f 1690//1634 1658//1517 1691//1645
f 890//1479 904//1489 815//1524
f 1106//1459 1083//1587 1045//1499
f 669//1735 626//1655 659//1716
f 663//1580 583//1520 675//1112
f 1734//1763 1698//1694 1706//1723
f 1181//1440 1056//1530 1055//1450
f 1632//1491 1613//1456 1648//1547
f 1737//1759 1717//1754 1733//1652
f 1629//1613 1622//1583 1630//1594
f 565//1755 544//1612 600//1719
f 600//1719 544//1612 626//1655
f 663//1580 641//1705 583//1520
f 1557//1350 1527//1232 1613//1456
f 1613//1456 1527//1232 1595//1380
f 1541//1433 1569//1533 1587//1593
f 1787//1712 1801//1795 1791//1737
f 1237//1772 1208//1685 1212//1740
f 1451//1146 1356//990 1449//1160
f 659//1716 626//1655 578//1651
f 659//1716 578//1651 641//1705
f 1339//1073 1254//1310 1355//1195
f 506//605 459//301 519//634
f 1541//1433 1523//1451 1569//1533
f 681//735 580//996 520//825
f 765//1294 714//1219 726//1316
f 544//1612 496//1500 514//1498
f 544//1612 514//1498 626//1655
f 641//1705 578//1651 583//1520
f 1153//1581 1056//1530 1181//1440
f 1553//1447 1510//1437 1560//1430
f 1480//1254 1457//1137 1516//1503
f 1681//1598 1651//1548 1670//1570
f 1475//1332 1419//1174 1355//1195
f 1107//1664 1056//1530 1153//1581
f 1800//1777 1797//1778 1801//1795
f 734//1395 774//1554 711//1561
f 1005//1422 938//779 959//1446
f 548//1757 480//1678 501//1704
f 548//1757 501//1704 546//1706
f 565//1755 546//1706 482//1661
f 514//1498 521//1556 626//1655
f 626//1655 521//1556 578//1651
f 334//132 366//438 336//334
f 1537//1342 1504//1340 1559//1574
f 1093//1285 1055//1450 878//1388
f 726//1316 714//1219 657//1272
f 518//1643 480//1678 548//1757
f 565//1755 482//1661 544//1612
f 583//1520 578//1651 526//1544
f 552//1118 583//1520 524//1379
f 1561//1540 1500//1434 1535//1377
f 1617//1426 1571//1364 1557//1350
f 349//1444 371//1415 310//920
f 328//1435 243//1133 287//1462
f 714//1219 677//1200 657//1272
f 546//1706 501//1704 482//1661
f 544//1612 482//1661 496//1500
f 583//1520 526//1544 524//1379
f 1137//1638 1104//1465 1083//1587
f 1093//1285 1104//1465 1138//1588
f 430//1796 456//1708 399//1649
f 657//1272 556//904 642//1069
f 501//1704 480//1678 482//1661
f 1622//1583 1615//1617 1630//1594
f 677//1200 629//1328 657//1272
f 518//1643 468//1381 480//1678
f 521//1556 526//1544 578//1651
f 526//1544 455//1552 524//1379
f 1615//1617 1541//1433 1587//1593
f 657//1272 572//1052 556//904
f 480//1678 469//1626 482//1661
f 482//1661 419//1663 496//1500
f 1572//1403 1541//1433 1615//1617
f 1164//1449 1093//1285 1138//1588
f 629//1328 572//1052 657//1272
f 482//1661 469//1626 405//1686
f 482//1661 405//1686 419//1663
f 514//1498 496//1500 395//1555
f 514//1498 444//1623 521//1556
f 524//1379 455//1552 453//1336
f 1798//1762 1801//1795 1787//1712
f 1077//1585 1052//1624 1107//1664
f 1107//1664 1052//1624 975//1642
f 1620//1592 1630//1594 1615//1617
f 1672//1551 1644//1584 1630//1594
f 480//1678 390//1558 469//1626
f 469//1626 390//1558 405//1686
f 496//1500 419//1663 395//1555
f 521//1556 444//1623 450//1656
f 526//1544 521//1556 450//1656
f 526//1544 450//1656 455//1552
f 317//402 382//1401 352//1418
f 1516//1503 1492//1390 1501//1428
f 1777//1611 1787//1712 1770//1527
f 1137//1638 1083//1587 1106//1459
f 1745//1776 1759//1798 1744//1766
f 1718//1662 1709//1718 1695//1667
f 1538//1347 1516//1503 1544//1387
f 514//1498 395//1555 444//1623
f 1181//1440 1055//1450 1093//1285
f 1454//1416 1391//1222 1446//1346
f 1483//1168 1449//1160 1414//1179
f 1600//1408 1557//1350 1613//1456
f 799//1025 843//913 903//784
f 572//1052 519//634 475//452
f 1501//1428 1454//1416 1446//1346
f 455//1552 379//1439 453//1336
f 1521//1275 1494//1356 1449//1160
f 799//1025 903//784 783//778
f 552//1118 453//1336 470//1147
f 1560//1430 1537//1342 1616//1614
f 1789//1695 1798//1762 1787//1712
f 1045//1499 1008//1409 904//1489
f 450//1656 377//1703 455//1552
f 545//1563 631//1468 630//1761
f 330//1081 347//1680 321//1396
f 1181//1440 1093//1285 1164//1449
f 405//1686 390//1558 333//1630
f 444//1623 395//1555 312//1650
f 1176//1689 1107//1664 1153//1581
f 1723//1744 1693//1691 1712//1727
f 653//1758 615//1768 651//1790
f 1505//1363 1523//1451 1541//1433
f 468//1381 328//1435 390//1558
f 390//1558 328//1435 333//1630
f 405//1686 333//1630 312//1650
f 405//1686 312//1650 419//1663
f 419//1663 312//1650 395//1555
f 365//1644 358//1675 444//1623
f 444//1623 358//1675 450//1656
f 455//1552 316//1484 379//1439
f 1665//1601 1632//1491 1683//1627
f 1214//1648 1153//1581 1181//1440
f 1214//1648 1181//1440 1208//1685
f 444//1623 312//1650 365//1644
f 450//1656 358//1675 377//1703
f 455//1552 377//1703 316//1484
f 1645//1567 1634//1438 1665//1601
f 1693//1691 1672//1551 1690//1634
f 1723//1744 1706//1723 1693//1691
f 1739//1770 1723//1744 1712//1727
f 333//1630 287//1462 312//1650
f 1795//1717 1779//1597 1773//1573
f 629//1328 595//1085 572//1052
f 377//1703 358//1675 316//1484
f 365//1644 299//1372 358//1675
f 1786//1582 1775//1299 1778//1537
f 921//1562 820//1640 878//1388
f 379//1439 306//1013 383//765
f 1456//1384 1382//1296 1450//1519
f 1567//1463 1513//1420 1553//1447
f 1695//1667 1681//1598 1670//1570
f 365//1644 312//1650 299//1372
f 358//1675 294//1196 316//1484
f 1474//1333 1424//1207 1500//1434
f 1626//1671 1611//1546 1616//1614
f 287//1462 252//1375 312//1650
f 1446//1346 1391//1222 1372//1247
f 312//1650 252//1375 299//1372
f 1555//1330 1522//1210 1571//1364
f 287//1462 207//1184 252//1375
f 698//1092 734//1395 631//1468
f 1647//1509 1620//1592 1631//1511
f 1639//1497 1644//1584 1672//1551
f 320//338 372//1161 369//463
f 771//694 845//379 857//336
f 1765//1508 1746//1382 1719//1211
f 711//1561 712//1600 660//1639
f 1443//1029 1503//892 1441//1049
f 1521//1275 1522//1210 1555//1330
f 1672//1551 1630//1594 1659//1572
f 892//500 871//375 913//185
f 780//716 857//336 861//280
f 1784//1425 1775//1299 1786//1582
f 793//723 765//1294 726//1316
f 1502//1371 1459//1427 1475//1332
f 1190//1699 1214//1648 1217//1738
f 1792//1713 1779//1597 1795//1717
f 1611//1546 1553//1447 1560//1430
f 1745//1776 1753//1791 1759//1798
f 1651//1548 1611//1546 1626//1671
f 1008//1409 886//1157 904//1489
f 1528//1190 1502//1371 1537//1342
f 1280//989 1247//679 1294//798
f 1290//848 1230//619 1239//670
f 1324//1063 1272//693 1274//649
f 1273//791 1238//713 1260//783
f 1240//805 1196//715 1257//948
f 1257//948 1228//796 1280//989
f 1280//989 1228//796 1247//679
f 1294//798 1247//679 1269//655
f 1290//848 1239//670 1272//693
f 1274//649 1200//999 1261//828
f 1273//791 1275//736 1195//633
f 1273//791 1195//633 1238//713
f 1328//1032 1233//703 1240//805
f 1274//649 1199//517 1200//999
f 1708//1720 1731//1756 1720//1724
f 1790//1629 1793//1672 1798//1762
f 141//333 128//370 92//248
f 1269//655 1184//720 1230//619
f 1239//670 1193//481 1272//693
f 1274//649 1188//583 1199//517
f 1272//693 1188//583 1274//649
f 1261//828 1200//999 1268//1165
f 1468//775 1386//1012 1401//838
f 54//31 43//14 55//66
f 1260//783 1238//713 1232//687
f 1251//849 1201//699 1233//703
f 1257//948 1196//715 1203//741
f 1257//948 1203//741 1228//796
f 1269//655 1247//679 1184//720
f 1272//693 1193//481 1188//583
f 1400//1077 1359//1220 1382//1296
f 1372//1247 1321//1274 1359//1220
f 1720//1724 1742//1775 1726//1725
f 1206//595 1159//578 1275//736
f 1275//736 1159//578 1195//633
f 806//794 864//339 808//808
f 1230//619 1193//481 1239//670
f 1335//1030 1304//872 1346//1123
f 410//1710 392//1633 345//1471
f 1726//1725 1742//1775 1736//1773
f 1238//713 1173//689 1232//687
f 426//1780 347//1680 352//1418
f 1203//741 1167//874 1228//796
f 1228//796 1149//745 1247//679
f 1247//679 1149//745 1184//720
f 1195//633 1124//742 1238//713
f 1232//687 1173//689 1251//849
f 1048//1044 1111//1048 1073//1261
f 1230//619 1184//720 1180//696
f 1188//583 1175//537 1199//517
f 1200//999 1092//1239 1268//1165
f 1268//1165 1092//1239 1254//1310
f 1420//1266 1351//1152 1416//1230
f 1238//713 1124//742 1173//689
f 1196//715 1143//877 1203//741
f 1203//741 1143//877 1167//874
f 1167//874 1125//564 1228//796
f 1228//796 1125//564 1149//745
f 1184//720 1156//684 1180//696
f 1199//517 1175//537 1152//593
f 1199//517 1152//593 1200//999
f 1152//593 1116//1149 1200//999
f 1200//999 1116//1149 1092//1239
f 1351//1152 1240//805 1257//948
f 1634//1438 1617//1426 1557//1350
f 1195//633 1145//552 1124//742
f 1173//689 1124//742 1147//1103
f 1196//715 1148//598 1146//601
f 1184//720 1149//745 1156//684
f 1188//583 1139//516 1175//537
f 1175//537 1139//516 1152//593
f 1326//782 1290//848 1300//732
f 1407//1079 1261//828 1327//845
f 1195//633 1159//578 1094//559
f 1195//633 1094//559 1145//552
f 1143//877 1117//669 1167//874
f 1167//874 1117//669 1125//564
f 1149//745 1125//564 1156//684
f 1098//302 1110//240 1156//684
f 1188//583 1154//482 1139//516
f 1154//482 1115//244 1139//516
f 1152//593 1122//963 1116//1149
f 1749//801 1729//1098 1700//1242
f 1724//1741 1736//1773 1745//1776
f 1736//1773 1738//1785 1745//1776
f 1196//715 1146//601 1143//877
f 1737//1759 1739//1770 1712//1727
f 310//920 371//1415 319//962
f 1145//552 1094//559 1124//742
f 1124//742 1170//945 1147//1103
f 1170//945 1091//954 1131//763
f 1439//1121 1436//1090 1519//1391
f 1439//1121 1519//1391 1473//1244
f 1139//516 1097//485 1152//593
f 1152//593 1097//485 1122//963
f 1793//1672 1799//1749 1798//1762
f 1094//559 1069//569 1124//742
f 1124//742 1061//724 1170//945
f 1170//945 1061//724 1091//954
f 1519//1391 1588//1507 1545//1412
f 1143//877 1146//601 1117//669
f 1352//1175 1294//798 1321//1274
f 1312//570 1297//446 1332//387
f 1260//783 1232//687 1251//849
f 1117//669 1054//292 1125//564
f 1457//1137 1468//775 1401//838
f 1571//1364 1522//1210 1557//1350
f 1527//1232 1480//1254 1538//1347
f 1775//1299 1767//762 1749//801
f 1159//578 978//750 1094//559
f 1124//742 1069//569 1061//724
f 910//1323 890//1479 734//1395
f 585//1351 492//859 550//1480
f 1466//1265 1370//955 1451//1146
f 468//1381 391//1071 325//1054
f 1097//485 1115//244 1067//404
f 1116//1149 1064//695 1092//1239
f 1775//1299 1749//801 1763//1305
f 29//106 45//150 39//124
f 1663//1625 1646//1668 1625//1653
f 1069//569 1009//632 1061//724
f 1105//627 1091//954 1068//538
f 314//1466 303//1366 374//1628
f 57//57 89//18 61//59
f 808//808 864//339 871//375
f 12//62 36//125 17//102
f 1122//963 1097//485 1047//728
f 1122//963 1047//728 1116//1149
f 1116//1149 1047//728 1064//695
f 456//1708 477//1514 399//1649
f 1356//990 1275//736 1335//1030
f 362//1714 340//1595 409//1752
f 340//1595 359//1334 404//1618
f 972//635 1051//613 994//337
f 605//9 644//53 586//193
f 1097//485 1067//404 1047//728
f 1261//828 1268//1165 1327//845
f 1394//1268 1346//1123 1386//1012
f 1483//1168 1458//1016 1507//1017
f 1094//559 1033//615 1069//569
f 1069//569 1033//615 1009//632
f 1091//954 1061//724 1044//648
f 93//134 92//248 62//177
f 1201//699 1147//1103 1170//945
f 1039//899 1025//1297 1052//1624
f 1421//1304 1345//1046 1354//1241
f 1720//1724 1731//1756 1742//1775
f 1094//559 991//673 1033//615
f 1061//724 1004//733 1044//648
f 26//60 29//106 24//34
f 1040//222 1007//483 1067//404
f 1067//404 1003//522 1047//728
f 1470//748 1435//865 1468//775
f 1407//1079 1419//1174 1475//1332
f 1061//724 1009//632 1004//733
f 1044//648 1004//733 992//987
f 1044//648 992//987 1034//760
f 808//808 871//375 892//500
f 1687//1641 1720//1724 1679//1609
f 1047//728 1006//493 1001//476
f 1064//695 1047//728 1001//476
f 733//852 809//1114 734//1395
f 1718//1662 1695//1667 1700//1242
f 393//1610 371//1415 349//1444
f 381//1690 374//1628 408//1753
f 1047//728 1003//522 1006//493
f 1214//1648 1208//1685 1235//1760
f 661//743 621//584 595//1085
f 586//193 479//260 442//388
f 992//987 1017//998 1034//760
f 1021//407 1017//998 977//644
f 1370//955 1356//990 1451//1146
f 986//378 988//1002 1019//264
f 1019//264 988//1002 995//566
f 534//444 540//144 573//265
f 1736//1773 1753//1791 1738//1785
f 460//1782 439//1765 432//1781
f 1339//1073 1268//1165 1254//1310
f 991//673 934//932 1033//615
f 1033//615 919//698 1009//632
f 1436//1090 1466//1265 1519//1391
f 988//1002 957//1324 995//566
f 479//260 566//344 487//313
f 1468//775 1457//1137 1480//1254
f 1320//1014 1280//989 1352//1175
f 808//808 892//500 804//995
f 1033//615 934//932 919//698
f 1004//733 1009//632 927//813
f 1004//733 927//813 992//987
f 992//987 927//813 1017//998
f 986//378 941//939 988//1002
f 988//1002 893//1368 957//1324
f 80//69 96//120 125//164
f 1335//1030 1275//736 1273//791
f 1751//1786 1735//1767 1747//1793
f 1009//632 919//698 927//813
f 1017//998 927//813 977//644
f 977//644 868//661 966//430
f 966//430 926//864 961//231
f 961//231 926//864 941//939
f 988//1002 941//939 847//1338
f 988//1002 847//1338 893//1368
f 1576//1608 1568//1370 1552//1461
f 43//14 64//42 71//107
f 458//1764 439//1765 460//1782
f 959//1446 938//779 917//1354
f 959//1446 917//1354 914//1622
f 1401//838 1420//1266 1457//1137
f 977//644 927//813 868//661
f 941//939 926//864 840//1150
f 550//1480 538//1571 601//1698
f 919//698 842//931 810//921
f 966//430 868//661 882//1019
f 966//430 882//1019 926//864
f 941//939 858//1108 847//1338
f 48//96 93//134 62//177
f 865//979 851//1405 914//1622
f 917//1354 865//979 914//1622
f 919//698 934//932 842//931
f 927//813 919//698 852//643
f 868//661 813//688 882//1019
f 957//1324 893//1368 802//1148
f 77//220 47//229 104//131
f 1385//1262 1382//1296 1326//782
f 1111//1048 1106//1459 1073//1261
f 934//932 792//839 842//931
f 919//698 810//921 852//643
f 927//813 852//643 868//661
f 926//864 882//1019 838//1273
f 926//864 838//1273 840//1150
f 918//704 957//1324 855//773
f 1784//1425 1776//1055 1775//1299
f 941//939 840//1150 858//1108
f 893//1368 794//1021 802//1148
f 1351//1152 1257//948 1320//1014
f 446//1800 408//1753 449//1799
f 934//932 822//1033 792//839
f 813//688 838//1273 882//1019
f 838//1273 798//651 840//1150
f 893//1368 847//1338 794//1021
f 957//1324 802//1148 855//773
f 851//1405 790//1191 814//1615
f 1492//1390 1416//1230 1454//1416
f 1416//1230 1320//1014 1391//1222
f 852//643 776//706 868//661
f 840//1150 798//651 785//701
f 858//1108 794//1021 847//1338
f 1304//872 1273//791 1260//783
f 1327//845 1268//1165 1339//1073
f 1458//1016 1435//865 1470//748
f 842//931 767//1132 810//921
f 810//921 777//1163 852//643
f 852//643 777//1163 776//706
f 868//661 776//706 813//688
f 813//688 798//651 838//1273
f 813//688 762//827 798//651
f 840//1150 785//701 768//860
f 858//1108 757//657 794//1021
f 855//773 802//1148 741//991
f 855//773 741//991 816//668
f 816//668 765//1294 805//506
f 792//839 767//1132 842//931
f 810//921 767//1132 777//1163
f 813//688 776//706 762//827
f 840//1150 757//657 858//1108
f 794//1021 757//657 755//499
f 802//1148 728//587 741//991
f 741//991 765//1294 816//668
f 76//100 43//14 59//117
f 964//1392 1045//1499 890//1479
f 1234//1589 1237//1772 1221//1251
f 790//1191 725//886 756//1488
f 94//170 80//69 125//164
f 767//1132 723//1015 777//1163
f 798//651 762//827 785//701
f 840//1150 768//860 721//700
f 840//1150 721//700 757//657
f 794//1021 755//499 728//587
f 794//1021 728//587 802//1148
f 93//134 117//184 123//174
f 790//1191 731//647 725//886
f 1456//1384 1424//1207 1400//1077
f 739//1023 675//1112 792//839
f 777//1163 723//1015 717//1248
f 777//1163 717//1248 776//706
f 776//706 717//1248 762//827
f 752//1289 751//1186 762//827
f 762//827 751//1186 785//701
f 785//701 751//1186 745//951
f 1557//1350 1522//1210 1507//1017
f 586//193 636//32 620//223
f 792//839 675//1112 767//1132
f 785//701 745//951 768//860
f 765//1294 741//991 714//1219
f 734//1395 660//1639 631//1468
f 652//1683 622//1692 615//1768
f 636//32 612//210 620//223
f 725//886 687//1004 756//1488
f 745//951 694//1024 768//860
f 768//860 694//1024 721//700
f 1320//1014 1257//948 1280//989
f 1459//1427 1407//1079 1475//1332
f 767//1132 675//1112 650//901
f 767//1132 650//901 723//1015
f 717//1248 723//1015 682//1066
f 762//827 717//1248 655//1129
f 762//827 655//1129 752//1289
f 751//1186 752//1289 684//1306
f 751//1186 686//1343 745//951
f 751//1186 684//1306 686//1343
f 745//951 686//1343 694//1024
f 721//700 627//597 757//657
f 741//991 728//587 661//743
f 1130//645 1221//1251 1111//1048
f 694//1024 686//1343 658//1042
f 694//1024 667//722 721//700
f 741//991 661//743 677//1200
f 714//1219 741//991 677//1200
f 1763//1305 1728//851 1746//1382
f 296//371 352//1418 330//1081
f 682//1066 656//1076 717//1248
f 655//1129 640//1143 752//1289
f 752//1289 640//1143 684//1306
f 1436//1090 1370//955 1466//1265
f 1436//1090 1319//799 1370//955
f 1352//1175 1321//1274 1372//1247
f 1382//1296 1359//1220 1326//782
f 1394//1268 1335//1030 1346//1123
f 1595//1380 1538//1347 1585//1357
f 682//1066 723//1015 638//826
f 682//1066 643//821 656//1076
f 717//1248 656//1076 655//1129
f 728//587 674//268 621//584
f 728//587 621//584 661//743
f 27//67 23//64 24//34
f 1354//1241 1324//1063 1347//1057
f 733//852 734//1395 698//1092
f 723//1015 650//901 638//826
f 638//826 643//821 682//1066
f 694//1024 658//1042 617//841
f 694//1024 617//841 667//722
f 314//1466 258//861 303//1366
f 685//1454 687//1004 585//1351
f 685//1454 585//1351 622//1692
f 1767//762 1729//1098 1749//801
f 1767//762 1741//1231 1729//1098
f 1352//1175 1280//989 1294//798
f 1321//1274 1269//655 1313//1011
f 675//1112 552//1118 650//901
f 686//1343 684//1306 613//1080
f 686//1343 613//1080 658//1042
f 257//169 256//70 259//92
f 1728//851 1678//1053 1719//1211
f 665//1577 630//1761 670//1709
f 692//1590 663//1580 675//1112
f 1391//1222 1352//1175 1372//1247
f 1749//801 1728//851 1763//1305
f 1700//1242 1678//1053 1728//851
f 1335//1030 1273//791 1304//872
f 1407//1079 1347//1057 1261//828
f 1557//1350 1507//1017 1527//1232
f 650//901 562//1037 638//826
f 656//1076 643//821 570//907
f 656//1076 570//907 655//1129
f 655//1129 567//918 640//1143
f 684//1306 640//1143 613//1080
f 613//1080 574//840 658//1042
f 658//1042 574//840 617//841
f 553//469 635//628 654//443
f 305//804 345//1471 349//1444
f 611//571 591//489 625//224
f 661//743 595//1085 677//1200
f 677//1200 595//1085 629//1328
f 1424//1207 1372//1247 1400//1077
f 650//901 552//1118 562//1037
f 638//826 588//986 643//821
f 643//821 588//986 570//907
f 570//907 567//918 655//1129
f 613//1080 549//767 574//840
f 599//624 609//599 673//324
f 26//60 24//34 30//33
f 378//1676 307//1453 381//1690
f 1507//1017 1458//1016 1470//748
f 1385//1262 1326//782 1345//1046
f 1345//1046 1324//1063 1354//1241
f 563//198 647//451 551//410
f 958//505 1042//678 967//797
f 1328//1032 1240//805 1351//1152
f 1307//1100 1260//783 1349//857
f 1313//1011 1230//619 1326//782
f 1323//992 1274//649 1347//1057
f 562//1037 529//993 588//986
f 638//826 562//1037 588//986
f 529//993 570//907 588//986
f 640//1143 549//767 613//1080
f 574//840 549//767 493//812
f 1000//524 955//374 998//480
f 1108//984 1174//854 1134//855
f 1372//1247 1359//1220 1400//1077
f 1323//992 1324//1063 1274//649
f 570//907 523//1106 567//918
f 640//1143 567//918 549//767
f 291//427 433//579 293//422
f 307//1453 254//1181 258//861
f 1676//1635 1673//1677 1704//1696
f 595//1085 506//605 519//634
f 1625//1653 1646//1668 1621//1657
f 1345//1046 1300//732 1324//1063
f 1595//1380 1527//1232 1538//1347
f 399//1649 477//1514 438//1443
f 1359//1220 1313//1011 1326//782
f 1527//1232 1470//748 1468//775
f 1290//848 1272//693 1300//732
f 562//1037 552//1118 470//1147
f 562//1037 483//824 529//993
f 570//907 474//806 523//1106
f 567//918 505//847 549//767
f 574//840 493//812 569//866
f 769//873 797//542 710//1062
f 118//428 128//370 152//450
f 646//802 698//1092 631//1468
f 1676//1635 1704//1696 1686//1674
f 1407//1079 1327//845 1339//1073
f 562//1037 470//1147 483//824
f 570//907 427//672 474//806
f 567//918 523//1106 505//847
f 877//406 758//326 781//479
f 296//371 330//1081 275//266
f 1507//1017 1470//748 1527//1232
f 1521//1275 1449//1160 1522//1210
f 1359//1220 1321//1274 1313//1011
f 189//478 265//487 188//384
f 1326//782 1300//732 1345//1046
f 1401//838 1386//1012 1349//857
f 1527//1232 1468//775 1480//1254
f 524//1379 453//1336 552//1118
f 523//1106 474//806 461//936
f 523//1106 461//936 505//847
f 505//847 464//780 549//767
f 298//1397 268//916 340//1595
f 1435//865 1386//1012 1468//775
f 1219//754 1234//1589 1221//1251
f 1729//1098 1718//1662 1700//1242
f 1787//1712 1791//1737 1771//1560
f 1324//1063 1323//992 1347//1057
f 529//993 427//672 570//907
f 505//847 461//936 464//780
f 464//780 417//604 549//767
f 549//767 417//604 493//812
f 380//1688 298//1397 340//1595
f 1319//799 1338//810 1183//636
f 1258//677 1319//799 1183//636
f 1401//838 1328//1032 1420//1266
f 1585//1357 1538//1347 1544//1387
f 1326//782 1230//619 1290//848
f 1304//872 1260//783 1307//1100
f 1421//1304 1354//1241 1388//1099
f 468//1381 390//1558 480//1678
f 1346//1123 1304//872 1307//1100
f 1459//1427 1388//1099 1407//1079
f 1347//1057 1274//649 1261//828
f 470//1147 383//765 483//824
f 461//936 474//806 356//535
f 30//33 24//34 41//41
f 1522//1210 1483//1168 1507//1017
f 84//109 76//100 80//69
f 529//993 483//824 353//686
f 529//993 353//686 427//672
f 461//936 375//602 464//780
f 464//780 375//602 417//604
f 975//1642 1052//1624 914//1622
f 1386//1012 1307//1100 1349//857
f 1346//1123 1307//1100 1386//1012
f 500//616 571//876 532//818
f 474//806 427//672 356//535
f 356//535 375//602 461//936
f 600//1719 669//1735 702//1739
f 1159//578 1081//551 978//750
f 84//109 110//160 112//87
f 1420//1266 1416//1230 1492//1390
f 1449//1160 1356//990 1414//1179
f 1594//1591 1643//1538 1607//1307
f 1522//1210 1449//1160 1483//1168
f 483//824 383//765 353//686
f 1183//636 1249//676 1103//621
f 978//750 822//1033 934//932
f 997//953 822//1033 978//750
f 975//1642 921//1562 1055//1450
f 1446//1346 1372//1247 1424//1207
f 1421//1304 1388//1099 1459//1427
f 1476//1404 1421//1304 1459//1427
f 1294//798 1269//655 1321//1274
f 427//672 353//686 313//600
f 427//672 313//600 356//535
f 375//602 356//535 300//464
f 1319//799 1258//677 1299//795
f 1057//588 984//1003 997//953
f 1057//588 996//887 984//1003
f 1382//1296 1385//1262 1421//1304
f 1391//1222 1320//1014 1352//1175
f 1456//1384 1400//1077 1382//1296
f 1300//732 1272//693 1324//1063
f 1313//1011 1269//655 1230//619
f 353//686 383//765 288//591
f 353//686 288//591 313//600
f 1095//1240 1207//1180 1165//1212
f 1183//636 1103//621 996//887
f 1407//1079 1339//1073 1419//1174
f 1385//1262 1345//1046 1421//1304
f 383//765 306//1013 241//501
f 126//173 130//235 175//250
f 1436//1090 1338//810 1319//799
f 43//14 71//107 59//117
f 71//107 90//94 76//100
f 1728//851 1749//801 1700//1242
f 383//765 241//501 288//591
f 1338//810 1436//1090 1439//1121
f 44//105 25//110 11//85
f 1715//1742 1735//1767 1751//1786
f 1721//1732 1715//1742 1751//1786
f 1777//1611 1789//1695 1787//1712
f 260//394 310//920 266//573
f 1339//1073 1355//1195 1419//1174
f 1388//1099 1347//1057 1407//1079
f 306//1013 251//665 241//501
f 1081//551 997//953 978//750
f 1790//1629 1798//1762 1789//1695
f 554//471 646//802 590//1088
f 1776//1055 1767//762 1775//1299
f 1457//1137 1420//1266 1492//1390
f 294//1196 299//1372 255//884
f 288//591 246//405 300//464
f 1388//1099 1354//1241 1347//1057
f 1414//1179 1335//1030 1394//1268
f 1416//1230 1351//1152 1320//1014
f 252//1375 212//905 299//1372
f 294//1196 193//513 203//565
f 804//995 881//682 818//1065
f 345//1471 392//1633 349//1444
f 393//1610 400//1684 371//1415
f 1409//710 1396//893 1427//511
f 630//1761 660//1639 653//1758
f 299//1372 212//905 255//884
f 255//884 193//513 294//1196
f 537//820 635//628 553//469
f 585//1351 550//1480 601//1698
f 1370//955 1299//795 1356//990
f 258//861 200//325 268//916
f 1731//1756 1751//1786 1742//1775
f 287//1462 243//1133 207//1184
f 295//1115 345//1471 305//804
f 62//177 63//152 36//125
f 25//110 32//36 19//78
f 252//1375 207//1184 212//905
f 255//884 212//905 193//513
f 713//739 808//808 804//995
f 873//420 1018//332 958//505
f 1356//990 1299//795 1275//736
f 917//1354 938//779 865//979
f 207//1184 155//692 212//905
f 212//905 155//692 145//562
f 212//905 145//562 182//610
f 81//294 118//428 143//449
f 243//1133 218//772 147//554
f 218//772 163//526 147//554
f 243//1133 147//554 207//1184
f 381//1690 314//1466 374//1628
f 355//544 447//594 407//607
f 73//180 21//186 77//220
f 324//548 389//612 355//544
f 1338//810 1439//1121 1348//908
f 1299//795 1206//595 1275//736
f 538//1571 473//1259 518//1643
f 207//1184 147//554 155//692
f 536//625 492//859 585//1351
f 76//100 90//94 80//69
f 144//201 125//164 126//173
f 200//325 258//861 191//246
f 1762//1746 1754//1792 1758//1730
f 1319//799 1299//795 1370//955
f 182//610 145//562 148//466
f 1348//908 1439//1121 1473//1244
f 304//1202 277//424 214//304
f 292//203 285//197 273//138
f 73//180 77//220 79//7
f 45//150 108//230 93//134
f 304//1202 214//304 234//758
f 1757//870 1741//1231 1767//762
f 286//1034 238//454 215//497
f 155//692 147//554 107//319
f 282//890 286//1034 215//497
f 270//1315 205//533 254//1181
f 550//1480 515//1331 538//1571
f 378//1676 381//1690 429//1787
f 71//107 64//42 72//112
f 836//1120 822//1033 997//953
f 937//653 1051//613 972//635
f 575//1771 538//1571 518//1643
f 1299//795 1258//677 1206//595
f 268//916 238//454 286//1034
f 146//603 78//433 87//340
f 398//1631 378//1676 439//1765
f 426//1780 423//1783 347//1680
f 340//1595 286//1034 359//1334
f 1206//595 1081//551 1159//578
f 1338//810 1348//908 1249//676
f 1234//1589 1248//1794 1237//1772
f 80//69 90//94 96//120
f 1338//810 1249//676 1183//636
f 1258//677 1183//636 1121//560
f 42//1 61//59 56//30
f 381//1690 307//1453 314//1466
f 285//197 302//217 272//256
f 43//14 53//10 64//42
f 15//116 25//110 20//116
f 275//266 330//1081 321//1396
f 1183//636 996//887 1057//588
f 1125//564 1054//292 1071//286
f 673//324 666//503 624//458
f 990//555 1041//382 979//318
f 114//108 82//16 57//57
f 1258//677 1121//560 1206//595
f 1799//1749 1796//1603 1800//1777
f 1081//551 1057//588 997//953
f 1121//560 1183//636 1057//588
f 15//116 20//116 8//101
